top,seq,sredni_czas,mediana_czas,max_czas,stddevi,cluster_results_KMeans,cluster_results_KMedoids
+l+p+p,111,371760.0,197190.0,948680.0,435966.945536012,2,0
-ld+l,343,729526.6666666666,1000000.0,1000000.0,369885.437333663,0,1
-ld+l,242,518712.5,532270.0,1000000.0,465320.6173243808,2,0
-p-p-l,144,944380.0,1000000.0,1000000.0,192673.3318339619,0,1
+p+p+p,211,0.0,0.0,0.0,0.0,1,2
+l+l+l,433,1000000.0,1000000.0,1000000.0,0.0,0,1
-p-p-l,224,888561.6666666666,1000000.0,1000000.0,214470.89422506024,0,1
-p-p-p,341,553295.0,728740.0,1000000.0,469609.55527873454,0,1
+pd-l,322,70540.0,70540.0,70540.0,0.0,1,2
-pd+p,232,729042.2222222222,1000000.0,1000000.0,394914.0142416377,0,1
+p+l+l,221,2080.0,2080.0,2080.0,0.0,1,2
d+pd,413,521222.5,372080.0,1000000.0,409709.28026554914,2,0
+l+p+p,324,651168.8888888889,756100.0,756100.0,176051.19883463194,0,1
+p+l+p,313,226774.2857142857,101560.0,1000000.0,353381.4122095814,2,0
-ld+l,143,162117.5,38760.0,1000000.0,341293.81249884976,2,0
+l+p+p,122,288183.3333333333,103420.0,1000000.0,381886.5032567883,2,0
-p-l-p,233,219731.66666666663,132000.0,1000000.0,284436.1110507893,2,0
+p+l+l,434,670561.6666666666,776070.0,1000000.0,365541.7918112867,0,1
+ld-l,112,0.0,0.0,0.0,0.0,1,2
-ld+l,433,489280.0,475630.0,1000000.0,402488.4892764015,2,0
-ld+l,241,423167.5,161340.0,1000000.0,483615.6515176666,2,0
-p-l-l,112,2260.0,2260.0,2260.0,0.0,1,2
+pd-l,113,0.0,0.0,0.0,0.0,1,2
+l+p+p,323,673031.6666666666,1000000.0,1000000.0,422537.3626047402,0,1
d+pd,324,588640.0,678360.0,916580.0,274226.2231078567,0,1
+p+p+p,344,654845.7142857143,1000000.0,1000000.0,448551.3994648827,0,1
+l+p+p,214,455201.8181818182,282920.0,1000000.0,427394.7617324804,2,0
-pd+p,214,0.0,0.0,0.0,0.0,1,2
+p+l+l,344,465075.5555555556,70340.0,1000000.0,507925.8187745311,2,0
+l+l+p,132,8290.0,8290.0,12560.0,6038.691911333116,1,2
-ld+p,313,0.0,0.0,0.0,0.0,1,2
-pd+p,233,360370.0,58700.0,1000000.0,461389.4753170399,2,0
+p+p+l,333,402393.3333333333,209980.0,1000000.0,455078.2341532058,2,0
-p-p-p,221,703827.2727272727,1000000.0,1000000.0,447101.332252341,0,1
-l-p-p,223,492868.0,408860.0,1000000.0,488511.01637527073,2,0
-p-l-p,241,6460.0,6460.0,6460.0,0.0,1,2
-ld+p,224,209262.5,37330.0,1000000.0,354914.9307228424,2,0
-l-l-p,242,366374.5454545455,157980.0,1000000.0,434213.61453468126,2,0
+l+l+p,411,0.0,0.0,0.0,0.0,1,2
+p+l+l,341,2960.0,2960.0,5320.0,3337.5440072005044,1,2
-p-l-l,221,313170.0,103010.0,1000000.0,423387.3694599094,2,0
-l-p-l,334,425524.4444444445,275380.0,1000000.0,460105.490705966,2,0
-ld+p,113,0.0,0.0,0.0,0.0,1,2
+l+l+p,311,0.0,0.0,0.0,0.0,1,2
+ld-l,314,0.0,0.0,0.0,0.0,1,2
-pd+p,223,40667.5,33830.0,80820.0,31468.917885067844,1,2
+l+p+l,111,0.0,0.0,0.0,0.0,1,2
d-pd,224,347073.3333333333,37360.0,1000000.0,565699.1130745508,2,0
-l-l-p,111,0.0,0.0,0.0,0.0,1,2
-p-p-p,232,927840.0,1000000.0,1000000.0,204746.5342808029,0,1
-l-l-l,223,689369.0909090909,1000000.0,1000000.0,431923.7927564201,0,1
+pd-l,443,710690.0,1000000.0,1000000.0,435554.6960677461,0,1
-l-p-l,224,96070.0,41640.0,424900.0,137104.21104296646,3,3
-l-p-p,324,155288.88888888888,69080.0,413260.0,146886.97563470734,3,3
+l+p+p,212,426306.0,160340.0,1000000.0,466996.09296961885,2,0
+pd-p,342,63174.0,24150.0,232640.0,70473.14259110819,1,3
+p+l+p,444,506735.0,585370.0,1000000.0,434756.3325170047,2,0
d+pd,341,0.0,0.0,0.0,0.0,1,2
d+pd,343,439370.0,279410.0,1000000.0,452865.9755380172,2,0
-pd+p,423,76973.33333333333,95240.0,231620.0,76694.95159396087,3,3
-ld+p,312,0.0,0.0,0.0,0.0,1,2
-l-l-p,222,515830.0,574220.0,1000000.0,415447.48043525306,2,0
-l-p-p,433,9860.0,9860.0,9860.0,0.0,1,2
-p-l-l,422,766115.0,1000000.0,1000000.0,467770.0,0,1
-p-p-l,344,556526.6666666666,665020.0,1000000.0,473660.2464495693,0,1
-p-p-p,123,559932.0,722190.0,1000000.0,479939.49944642914,0,1
+p+l+p,122,0.0,0.0,0.0,0.0,1,2
-l-p-l,231,27680.0,27680.0,27680.0,0.0,1,2
-p-l-l,424,729800.0,950470.0,1000000.0,402796.78094897576,0,1
-p-l-l,344,836513.3333333334,1000000.0,1000000.0,317707.7891663497,0,1
-p-l-l,412,19066.666666666668,19960.0,28840.0,8466.722309528443,1,2
-p-l-l,143,635413.3333333334,1000000.0,1000000.0,456629.5807192946,0,1
+p+l+l,243,226732.0,8140.0,1000000.0,435281.4479391466,2,0
-p-l-l,334,979955.0,1000000.0,1000000.0,69437.91687543629,0,1
+pd-p,314,0.0,0.0,0.0,0.0,1,2
-pd+p,221,26315.0,19650.0,60920.0,26089.8977895021,1,2
-l-p-l,322,29565.0,30750.0,50320.0,18921.3274728105,1,2
-l-l-p,333,712826.6666666666,1000000.0,1000000.0,441477.37008820736,0,1
-l-l-p,413,458448.8888888889,301880.0,1000000.0,419286.8261835937,2,0
+l+p+p,133,400215.0,208670.0,1000000.0,433645.3961146464,2,0
+p+p+l,443,612082.2222222222,503080.0,1000000.0,404171.2141462384,2,0
-pd+l,444,880305.0,1000000.0,1000000.0,265028.98491571547,0,1
-l-l-l,442,141400.0,166800.0,240120.0,113570.62296210232,3,3
-l-p-l,412,0.0,0.0,0.0,0.0,1,2
d-pd,334,331156.0,121460.0,1000000.0,411055.8345042678,2,0
-l-p-l,241,0.0,0.0,0.0,0.0,1,2
d+pd,424,804925.0,1000000.0,1000000.0,349843.3920926749,0,1
-pd+l,111,0.0,0.0,0.0,0.0,1,2
-l-p-l,222,78990.0,78990.0,150880.0,101667.8129990018,1,3
-pd+l,413,0.0,0.0,0.0,0.0,1,2
-p-l-p,344,430413.3333333333,173020.0,1000000.0,430718.1050996186,2,0
+p+p+p,423,1000000.0,1000000.0,1000000.0,0.0,0,1
-p-l-l,311,77240.0,73680.0,140320.0,52134.00170074549,1,3
-p-p-p,432,657508.8888888889,1000000.0,1000000.0,428552.0690780889,0,1
+l+l+p,122,100340.0,72320.0,158300.0,50204.01179188771,1,3
+pd-p,232,0.0,0.0,0.0,0.0,1,2
-l-l-l,312,535460.0,556800.0,1000000.0,509540.792478875,2,0
+p+l+p,342,345898.0,241300.0,1000000.0,379181.3540246936,2,0
+p+p+l,114,0.0,0.0,0.0,0.0,1,2
-p-l-l,331,314916.6666666667,95530.0,1000000.0,419587.76729142864,2,0
-p-l-p,442,340630.0,221690.0,1000000.0,359976.51231459784,2,0
-ld+p,243,385176.3636363637,66060.0,1000000.0,487984.7657309135,2,0
-p-l-l,414,33697.142857142855,9960.0,135140.0,48177.18744879355,1,3
+ld-l,442,224240.0,264230.0,391260.0,169620.93267046966,3,3
-pd+l,132,438746.0,266490.0,1000000.0,433099.8330947111,2,0
+pd-p,424,109887.5,42550.0,522700.0,171832.7332653141,3,3
+l+l+l,334,796378.3333333334,1000000.0,1000000.0,374560.30576065474,0,1
-ld+l,243,613062.0,827660.0,1000000.0,439609.63748914027,0,1
+l+p+p,312,612141.6666666666,534640.0,1000000.0,363428.17306695954,2,0
+l+p+p,233,594690.9090909091,1000000.0,1000000.0,479539.7698096488,0,1
d+pd,114,100.0,100.0,100.0,0.0,1,2
+p+l+l,324,394146.6666666667,311880.0,833340.0,404385.480616371,2,0
-p-l-p,224,380750.0,131790.0,1000000.0,444181.019280303,2,0
-ld+p,414,0.0,0.0,0.0,0.0,1,2
+l+l+p,443,828100.0,1000000.0,1000000.0,342214.65105982823,0,1
-ld+p,141,0.0,0.0,0.0,0.0,1,2
+p+p+l,434,468660.0,380100.0,1000000.0,421850.5819731805,2,0
+p+l+l,124,0.0,0.0,0.0,0.0,1,2
d+pd,442,70537.77777777778,8680.0,310680.0,102417.900019696,3,3
+ld-l,422,25416.0,3720.0,93660.0,39404.20637444688,1,2
-l-p-p,222,0.0,0.0,0.0,0.0,1,2
-pd+l,222,42103.333333333336,33700.0,89360.0,32193.55815480275,1,2
-l-p-l,321,0.0,0.0,0.0,0.0,1,2
d+pd,111,0.0,0.0,0.0,0.0,1,2
+l+l+l,331,476233.3333333333,134900.0,1000000.0,498491.2513775944,2,0
+l+p+p,124,318411.1111111111,116680.0,1000000.0,395649.3869717368,2,0
+l+l+l,143,600684.4444444445,1000000.0,1000000.0,483525.9538822893,0,1
d-pd,121,0.0,0.0,0.0,0.0,1,2
+pd-l,341,273785.71428571426,169720.0,1000000.0,328385.2285988284,2,0
+l+p+l,243,508170.0,486330.0,1000000.0,473049.7651199079,2,0
-ld+p,423,145366.66666666666,33000.0,401160.0,222067.22615760603,3,3
d+pd,313,584640.0,806540.0,1000000.0,435717.3589993097,0,1
-l-l-l,321,327626.6666666667,109600.0,852640.0,456845.4011296746,2,0
+p+p+l,414,0.0,0.0,0.0,0.0,1,2
+l+p+l,314,577425.0,524110.0,1000000.0,408176.27066791087,2,0
-p-l-l,324,465705.0,596880.0,686000.0,249897.69035638275,2,0
-p-l-p,234,406015.0,399970.0,1000000.0,358394.9727858663,2,0
-p-l-l,131,395013.3333333333,151420.0,1000000.0,460318.3057407125,2,0
-p-l-l,431,495295.0,313390.0,1000000.0,427353.1870545887,2,0
-l-p-l,411,0.0,0.0,0.0,0.0,1,2
-p-l-p,334,547525.0,659030.0,1000000.0,429474.92602225125,0,1
-l-p-l,444,567947.2727272727,1000000.0,1000000.0,496803.02183241415,0,1
-l-l-l,413,570500.0,634480.0,1000000.0,419836.359740316,0,1
-pd+l,321,39960.0,39960.0,39960.0,0.0,1,2
-ld+p,223,54175.0,39630.0,218540.0,71344.96938917879,1,3
+p+p+p,134,0.0,0.0,0.0,0.0,1,2
-p-l-l,111,38880.0,38880.0,67940.0,41097.04612256214,1,2
+p+p+l,212,0.0,0.0,0.0,0.0,1,2
+pd-l,442,468278.3333333333,263010.0,1000000.0,485871.3584672263,2,0
d+pd,422,381705.0,263230.0,1000000.0,452140.5891607904,2,0
+l+p+l,123,202312.0,231740.0,403400.0,177664.94229307031,3,3
-l-p-p,134,2446.6666666666665,2240.0,3820.0,1282.5495442022243,1,2
+ld-l,411,0.0,0.0,0.0,0.0,1,2
+p+l+p,244,294097.14285714284,265860.0,1000000.0,331546.13644329534,2,0
-l-p-p,221,0.0,0.0,0.0,0.0,1,2
+l+l+l,113,6580.0,3460.0,15260.0,7615.4579639047315,1,2
-p-l-p,332,55353.333333333336,50880.0,119940.0,38973.70780410814,1,3
-p-l-p,143,456967.2727272727,343140.0,1000000.0,426662.00555219135,2,0
+ld-l,342,473342.5,437790.0,1000000.0,461654.2949545688,2,0
+ld-p,313,560.0,560.0,560.0,0.0,1,2
+p+p+l,323,50132.0,28760.0,114840.0,45180.09428941024,1,3
+p+p+l,224,97793.33333333331,46000.0,224680.0,110502.90554249391,3,3
-l-l-p,123,18773.33333333333,12220.0,38760.0,17647.48518439195,1,2
-p-l-l,234,698095.5555555555,1000000.0,1000000.0,456257.3216703243,0,1
+l+p+p,112,160714.54545454544,57080.0,695300.0,233153.16478073536,3,0
-l-l-l,224,421218.0,216240.0,1000000.0,450852.63958169054,2,0
+l+p+p,241,624586.6666666666,1000000.0,1000000.0,454494.9606981358,0,1
+l+p+l,411,10560.0,10560.0,10560.0,0.0,1,2
+pd-p,111,0.0,0.0,0.0,0.0,1,2
+pd-l,422,17400.0,17400.0,17400.0,0.0,1,2
-p-l-p,314,34300.0,26850.0,76320.0,32254.120150248506,1,2
+l+l+l,414,48580.0,27280.0,139840.0,51744.79168637812,1,3
-l-l-p,341,939692.0,1000000.0,1000000.0,159175.01400799197,0,1
+ld-p,234,590946.6666666666,685890.0,1000000.0,460469.3302562796,0,1
-ld+p,121,0.0,0.0,0.0,0.0,1,2
+p+p+p,421,0.0,0.0,0.0,0.0,1,2
+p+p+p,132,0.0,0.0,0.0,0.0,1,2
+pd-p,243,60233.333333333336,9580.0,167980.0,93366.8920620866,1,3
-p-l-p,411,0.0,0.0,0.0,0.0,1,2
-ld+l,342,850563.3333333334,1000000.0,1000000.0,366043.5821957089,0,1
+p+l+p,432,642310.0,1000000.0,1000000.0,450771.5910625812,0,1
-p-l-l,133,607518.0,726850.0,1000000.0,429385.6472734556,0,1
+ld-p,213,2500.0,2500.0,3180.0,961.6652224137048,1,2
+l+p+p,442,864953.3333333334,1000000.0,1000000.0,294654.5812961134,0,1
+pd-l,214,0.0,0.0,0.0,0.0,1,2
d-pd,234,217993.3333333333,83110.0,897720.0,337047.91888790333,2,0
-p-p-l,113,480517.77777777775,275140.0,1000000.0,435035.38826679887,2,0
d-pd,223,12380.0,12380.0,24340.0,16913.994205982217,1,2
+p+l+p,242,359854.28571428574,18240.0,1000000.0,469285.3015262373,2,0
+l+l+l,324,425018.3333333333,574790.0,729200.0,335156.8432250878,2,0
+ld-l,413,0.0,0.0,0.0,0.0,1,2
+l+p+l,224,581011.6666666666,655040.0,1000000.0,440395.3392915245,0,1
+p+l+l,322,124163.33333333331,71030.0,369540.0,138923.6650346753,3,3
d-pd,422,617160.0,617160.0,1000000.0,541417.5202189157,0,1
+ld-l,341,8040.0,8040.0,8040.0,0.0,1,2
+pd-l,433,651930.0,1000000.0,1000000.0,459534.7363245665,0,1
-pd+l,343,848073.3333333334,1000000.0,1000000.0,325664.4770125824,0,1
+p+l+l,334,495128.0,179840.0,1000000.0,461067.42968897725,2,0
+p+l+l,244,49197.142857142855,28260.0,201300.0,69655.01410864972,1,3
-p-p-p,143,637091.6666666666,975140.0,1000000.0,455666.1612475306,0,1
-pd+p,242,836008.3333333334,1000000.0,1000000.0,318659.0696206765,0,1
+p+p+p,112,0.0,0.0,0.0,0.0,1,2
-pd+l,424,669840.0,1000000.0,1000000.0,571853.8946269405,0,1
-pd+l,143,729160.0,1000000.0,1000000.0,419588.10503982246,0,1
-p-l-l,443,579964.4444444445,1000000.0,1000000.0,498396.0471129138,0,1
+pd-p,443,498184.4444444445,291120.0,1000000.0,482947.6957992219,2,0
+l+p+p,331,634728.3333333334,775480.0,1000000.0,397596.68175479566,0,1
d+pd,222,15870.0,15870.0,23440.0,10705.59666716433,1,2
-p-p-p,442,423240.0,168820.0,1000000.0,443889.6831421068,2,0
-p-p-l,444,763258.3333333334,1000000.0,1000000.0,397735.4854636052,0,1
-pd+l,144,677940.0,1000000.0,1000000.0,460553.1665291207,0,1
-l-p-l,124,0.0,0.0,0.0,0.0,1,2
-l-l-l,244,152006.66666666666,114650.0,346160.0,132056.51921305008,3,3
-p-p-l,214,624156.0,688650.0,1000000.0,397401.7936323668,0,1
-l-p-p,132,5180.0,5180.0,5180.0,0.0,1,2
+pd-p,413,0.0,0.0,0.0,0.0,1,2
-ld+p,241,197770.0,197770.0,390680.0,272815.93831739377,3,3
-p-l-p,132,157951.42857142858,14340.0,1000000.0,371765.4364169506,2,0
-l-p-l,132,0.0,0.0,0.0,0.0,1,2
-l-l-l,212,326002.8571428572,112560.0,1000000.0,447572.13056349126,2,0
+l+l+p,334,501452.7272727273,451120.0,1000000.0,378343.6416035271,2,0
+l+l+l,424,745528.3333333334,1000000.0,1000000.0,359260.612871222,0,1
-pd+l,134,500546.6666666667,364590.0,1000000.0,391584.6177063681,2,0
+ld-p,323,184405.7142857143,15480.0,1000000.0,368016.0843793444,2,0
+p+p+l,121,0.0,0.0,0.0,0.0,1,2
-ld+l,324,74616.66666666667,43940.0,242420.0,90149.17806983416,3,3
+ld-p,422,150712.0,163460.0,206380.0,56952.51109477088,3,3
-p-l-p,422,99011.11111111112,77740.0,273440.0,93558.98626594408,3,3
d-pd,341,0.0,0.0,0.0,0.0,1,2
d-pd,412,0.0,0.0,0.0,0.0,1,2
-l-p-p,331,0.0,0.0,0.0,0.0,1,2
-ld+p,332,207655.5555555556,44980.0,800420.0,299367.3657528118,2,0
+p+p+l,411,0.0,0.0,0.0,0.0,1,2
+l+p+p,143,678910.0,1000000.0,1000000.0,497437.8198327908,0,1
-p-l-p,121,2440.0,2440.0,2440.0,0.0,1,2
+pd-l,111,0.0,0.0,0.0,0.0,1,2
+l+p+l,331,54500.0,54500.0,104440.0,70625.82530491236,1,3
-ld+l,421,92056.0,20020.0,398340.0,171630.2446540236,3,3
+p+p+p,131,0.0,0.0,0.0,0.0,1,2
-pd+p,133,271215.0,128830.0,1000000.0,340743.7610790339,2,0
+p+p+l,343,270930.0,101650.0,1000000.0,380503.5294974279,2,0
+p+p+l,332,285976.0,63100.0,746160.0,363853.6330449375,2,0
-pd+l,414,0.0,0.0,0.0,0.0,1,2
+p+p+p,443,224960.0,105480.0,871740.0,303615.3123059947,2,0
-l-l-p,314,492950.0,360200.0,1000000.0,440585.9453459264,2,0
+l+p+p,444,874951.6666666666,1000000.0,1000000.0,298341.34050029865,0,1
+p+l+p,224,0.0,0.0,0.0,0.0,1,2
+l+l+l,112,23700.0,23700.0,25280.0,2234.45742854949,1,2
-p-l-p,324,172106.0,40760.0,721620.0,232362.63307358368,3,0
+ld-p,123,7320.0,7320.0,7320.0,0.0,1,2
-pd+p,111,0.0,0.0,0.0,0.0,1,2
-p-p-l,322,39990.0,39990.0,57660.0,24989.15364713259,1,2
+p+p+p,441,21940.0,21940.0,34100.0,17196.836918456836,1,2
+l+p+p,431,694756.6666666666,922790.0,1000000.0,376324.9835238719,0,1
d-pd,242,5620.0,5540.0,9960.0,4300.558103316359,1,2
-pd+l,333,599594.0,712550.0,1000000.0,411925.19461669255,0,1
-p-l-p,313,21310.0,16880.0,49900.0,23886.16056771508,1,2
-pd+l,124,32900.0,33020.0,52960.0,20347.081690830582,1,2
+p+p+p,341,7813.333333333333,5980.0,15460.0,6914.747524916101,1,2
+p+l+p,411,300393.3333333333,61340.0,1000000.0,432386.55610460415,2,0
+l+l+p,213,0.0,0.0,0.0,0.0,1,2
-p-p-l,123,547252.0,535800.0,1000000.0,437978.5668221169,2,0
-p-l-l,211,15490.0,14520.0,40240.0,14281.415896191807,1,2
-l-l-p,312,633552.7272727273,1000000.0,1000000.0,435132.2217692206,0,1
+p+p+p,331,0.0,0.0,0.0,0.0,1,2
-ld+l,142,20260.0,18980.0,23400.0,2734.7394757087923,1,2
-pd+l,243,599098.1818181818,955460.0,1000000.0,460510.9429713518,0,1
-l-p-l,123,2160.0,2160.0,2160.0,0.0,1,2
-l-p-p,333,172197.14285714287,35040.0,629080.0,249745.4150205956,3,3
+pd-l,231,96500.0,9670.0,365020.0,179107.8297190457,3,3
+p+p+l,441,219706.66666666663,18760.0,632300.0,357356.3579024911,3,0
-l-p-p,213,0.0,0.0,0.0,0.0,1,2
d+pd,433,552183.3333333334,730960.0,1000000.0,482607.6851916685,0,1
+p+l+l,234,228126.66666666663,52600.0,950860.0,316469.993206307,2,0
-l-l-l,121,0.0,0.0,0.0,0.0,1,2
-ld+p,132,0.0,0.0,0.0,0.0,1,2
-l-l-p,134,44487.5,27110.0,107240.0,45343.08696719143,1,3
-ld+p,212,0.0,0.0,0.0,0.0,1,2
-l-p-l,242,131396.0,59240.0,434920.0,176298.7245557948,3,3
-l-l-p,213,326358.1818181818,102620.0,1000000.0,439439.820540155,2,0
-l-p-l,134,11206.666666666666,14920.0,18120.0,9341.013506752535,1,2
-l-p-l,332,403692.0,12500.0,1000000.0,544366.2180187157,2,0
-ld+p,142,17772.0,18500.0,22960.0,5240.469444620396,1,2
+l+p+l,143,472970.0,337320.0,1000000.0,457425.0688364161,2,0
-p-p-l,134,511670.0,484470.0,1000000.0,432851.5430995208,2,0
-l-p-l,424,455776.0,295660.0,1000000.0,433981.2459644874,2,0
+pd-l,423,14010.0,14010.0,20860.0,9687.362902255702,1,2
-l-l-l,324,687046.6666666666,789000.0,789000.0,245276.832739637,0,1
-p-p-l,413,779173.3333333334,1000000.0,1000000.0,368355.88605026907,0,1
d-pd,413,178006.66666666666,61180.0,431120.0,219418.41885615105,3,3
-l-p-p,413,0.0,0.0,0.0,0.0,1,2
+l+p+p,134,455776.6666666667,321360.0,1000000.0,445474.7336344304,2,0
+ld-l,141,2490.0,1970.0,5340.0,2000.9664331684,1,2
-p-p-p,431,574190.0,412880.0,1000000.0,391664.8277197319,2,0
-pd+p,414,0.0,0.0,0.0,0.0,1,2
+l+l+p,133,273377.5,36750.0,1000000.0,449583.2878741316,2,0
+p+l+l,421,7390.0,7390.0,10880.0,4935.605332682102,1,2
-p-l-p,333,358620.0,187220.0,1000000.0,388335.92004860943,2,0
+p+p+l,312,0.0,0.0,0.0,0.0,1,2
-l-p-p,131,0.0,0.0,0.0,0.0,1,2
-p-p-l,431,28530.0,28530.0,54520.0,36755.41048607674,1,2
+p+l+p,111,0.0,0.0,0.0,0.0,1,2
d+pd,221,0.0,0.0,0.0,0.0,1,2
+p+p+l,422,169526.66666666666,205500.0,278140.0,130376.84047917918,3,3
-ld+p,114,0.0,0.0,0.0,0.0,1,2
+l+p+p,242,532180.0,583020.0,1000000.0,502663.2504115312,2,0
+p+l+l,213,31795.0,12460.0,98520.0,44685.08289500349,1,2
+l+l+p,413,122235.0,13490.0,461860.0,226655.00443037503,3,3
+l+l+p,313,52577.142857142855,16340.0,291020.0,105742.52971475665,3,3
-l-l-p,444,915575.0,1000000.0,1000000.0,262718.24785222946,0,1
-p-l-p,113,3280.0,3280.0,3280.0,0.0,1,2
-ld+p,324,32591.42857142857,27920.0,105460.0,34663.48291241155,1,2
+p+l+l,431,30225.0,32090.0,50380.0,23162.799917108467,1,2
-l-l-p,124,17186.666666666668,4580.0,45900.0,24927.97892596456,1,2
d+pd,321,0.0,0.0,0.0,0.0,1,2
+pd-p,433,219880.0,36840.0,1000000.0,368199.4895433724,2,0
+l+p+p,234,705608.3333333334,1000000.0,1000000.0,433271.2085735537,0,1
+p+l+l,133,0.0,0.0,0.0,0.0,1,2
+p+l+p,433,660420.0,1000000.0,1000000.0,452327.194141586,0,1
+pd-p,223,0.0,0.0,0.0,0.0,1,2
+p+p+p,212,0.0,0.0,0.0,0.0,1,2
-pd+p,341,574008.8888888889,817020.0,1000000.0,468560.4073234433,0,1
+ld-l,234,516470.0,413490.0,1000000.0,419281.2551801649,2,0
-p-p-l,412,59980.0,62500.0,149820.0,61187.625110529225,1,3
-p-p-l,112,57350.0,31080.0,212440.0,78012.50643326364,1,3
d+pd,441,0.0,0.0,0.0,0.0,1,2
+l+l+p,422,148602.22222222222,6860.0,622860.0,233177.14906149023,3,3
-l-l-p,331,811033.3333333334,1000000.0,1000000.0,380064.37612594,0,1
-l-l-p,143,15300.0,15770.0,27920.0,14548.1911819534,1,2
+ld-l,143,885800.0,1000000.0,1000000.0,323006.3776460149,0,1
-l-p-p,432,335806.6666666667,4320.0,1000000.0,575208.6231388863,2,0
-ld+l,233,87818.18181818182,47860.0,227000.0,78913.44344510406,3,3
-l-p-l,212,0.0,0.0,0.0,0.0,1,2
-p-l-l,421,347615.5555555556,34480.0,1000000.0,489372.1598924256,2,0
-l-p-l,211,0.0,0.0,0.0,0.0,1,2
+l+l+l,114,59830.0,59830.0,108180.0,68377.22574073914,1,3
+ld-p,221,346443.3333333333,65570.0,1000000.0,482982.5433560375,2,0
-l-p-p,123,7875.0,5370.0,20240.0,8756.47379561735,1,2
-p-p-p,344,600580.0,820960.0,1000000.0,444165.1690326676,0,1
+l+p+l,213,370600.0,232840.0,1000000.0,392215.6861982957,2,0
-p-l-l,113,1460.0,1460.0,1460.0,0.0,1,2
+l+l+p,414,23266.666666666668,16460.0,80160.0,25997.56527061717,1,2
-l-l-p,423,629357.5,1000000.0,1000000.0,511549.3608845862,0,1
+l+p+l,333,724476.6666666666,1000000.0,1000000.0,417088.9423205327,0,1
-l-l-l,144,33151.42857142857,16860.0,74200.0,29313.891717393097,1,2
+l+l+l,131,263955.0,57040.0,1000000.0,402684.1559549405,2,0
-l-l-l,234,818224.4444444445,1000000.0,1000000.0,364154.8645532252,0,1
d+pd,333,621128.0,786170.0,1000000.0,428207.4504723149,0,1
+p+l+l,312,669946.6666666666,933220.0,1000000.0,514919.69483923743,0,1
-l-p-l,143,9980.0,9980.0,9980.0,0.0,1,2
d-pd,124,0.0,0.0,0.0,0.0,1,2
+pd-l,224,0.0,0.0,0.0,0.0,1,2
-l-l-p,342,1000000.0,1000000.0,1000000.0,0.0,0,1
+p+l+p,442,538430.0,546830.0,1000000.0,446524.5879822603,2,0
+p+l+l,223,34020.0,19200.0,122260.0,50238.03937257106,1,3
+pd-p,234,27246.666666666668,29740.0,50100.0,24196.539697513224,1,2
+p+l+l,143,0.0,0.0,0.0,0.0,1,2
-l-l-l,443,673158.3333333334,1000000.0,1000000.0,438793.3453923453,0,1
+l+l+l,221,137656.66666666666,105820.0,302440.0,112678.7010338097,3,3
-ld+l,443,886953.3333333334,1000000.0,1000000.0,221311.9769725876,0,1
+p+p+l,243,13900.0,16380.0,23720.0,11266.605522516533,1,2
+l+l+p,314,363830.0,327770.0,785440.0,392864.6974892671,2,0
-l-l-l,134,22286.666666666668,10330.0,63740.0,25644.46970921152,1,2
-ld+l,323,36752.0,20060.0,108420.0,40337.51008676663,1,2
+p+p+l,214,0.0,0.0,0.0,0.0,1,2
d-pd,133,0.0,0.0,0.0,0.0,1,2
-p-p-l,443,192170.0,84480.0,1000000.0,304739.7580085525,2,0
-p-l-l,122,294904.44444444444,58420.0,1000000.0,422651.9107702907,2,0
-ld+l,333,471494.0,278510.0,1000000.0,466047.69494119374,2,0
-l-l-p,243,620836.3636363636,1000000.0,1000000.0,453584.79020515503,0,1
+pd-l,144,0.0,0.0,0.0,0.0,1,2
+p+l+p,144,0.0,0.0,0.0,0.0,1,2
-p-p-l,131,34895.0,27290.0,67720.0,22880.042977815112,1,2
+p+p+l,231,0.0,0.0,0.0,0.0,1,2
+p+p+p,122,0.0,0.0,0.0,0.0,1,2
d-pd,243,53140.0,21900.0,132740.0,69465.05308426676,1,3
+p+l+l,121,0.0,0.0,0.0,0.0,1,2
-l-p-l,112,0.0,0.0,0.0,0.0,1,2
+p+p+p,313,0.0,0.0,0.0,0.0,1,2
-p-p-p,323,857308.8888888889,1000000.0,1000000.0,309856.7474029105,0,1
-l-l-l,141,10920.0,10920.0,21200.0,14538.115421195416,1,2
-p-p-p,421,711436.6666666666,986930.0,1000000.0,377253.6624157022,0,1
-l-p-p,342,13400.0,13400.0,13400.0,0.0,1,2
-p-p-l,432,195976.36363636365,74860.0,869940.0,258663.8152998106,2,0
+l+l+l,144,509580.0,515310.0,1000000.0,537320.720017384,2,0
-p-l-l,432,670540.0,1000000.0,1000000.0,510397.5271099969,0,1
-ld+p,432,78673.33333333333,57280.0,192840.0,84874.52825593004,1,3
-l-p-l,244,544513.3333333334,566230.0,1000000.0,500571.4092781036,2,0
-l-l-p,322,710224.4444444445,1000000.0,1000000.0,435547.4759171241,0,1
-p-l-p,141,214360.0,171590.0,509080.0,235776.65872600707,3,3
+p+l+p,332,301214.54545454547,41560.0,1000000.0,440911.4820996078,2,0
-l-p-l,432,0.0,0.0,0.0,0.0,1,2
d-pd,433,871164.0,1000000.0,1000000.0,288086.0539491629,0,1
+l+p+l,141,0.0,0.0,0.0,0.0,1,2
-l-l-l,132,159006.66666666666,49020.0,414940.0,222372.84846251653,3,3
+l+l+l,231,675337.7777777778,1000000.0,1000000.0,412209.6894111594,0,1
-p-l-l,444,831066.6666666666,1000000.0,1000000.0,299802.3021724129,0,1
-ld+p,422,11250.0,11250.0,21540.0,14552.257556819148,1,2
+l+p+l,244,861461.6666666666,1000000.0,1000000.0,301125.1364717856,0,1
-pd+p,333,454456.6666666667,268480.0,1000000.0,447066.1428252044,2,0
+l+l+p,212,0.0,0.0,0.0,0.0,1,2
d+pd,232,9206.666666666666,6680.0,15900.0,5854.308954379955,1,2
-p-l-p,214,29566.666666666668,29700.0,31960.0,2462.708536009353,1,2
+p+l+p,333,369226.6666666667,262060.0,1000000.0,411873.2205424383,2,0
-l-l-p,443,873003.3333333334,1000000.0,1000000.0,287922.9480049807,0,1
+l+l+l,214,23285.0,10750.0,67180.0,29567.077975342778,1,2
-l-p-l,142,1380.0,1380.0,1380.0,0.0,1,2
-p-l-l,142,517677.5,538000.0,1000000.0,516083.128346864,2,0
-p-l-p,131,6740.0,6740.0,6740.0,0.0,1,2
+l+l+l,342,777557.7777777778,1000000.0,1000000.0,370008.4353693095,0,1
+pd-p,221,0.0,0.0,0.0,0.0,1,2
+ld-l,424,370100.0,190200.0,1000000.0,435090.2701739031,2,0
+l+p+l,431,19950.0,13410.0,52520.0,22843.36519283736,1,2
+pd-l,222,0.0,0.0,0.0,0.0,1,2
-pd+l,214,4420.0,4420.0,4420.0,0.0,1,2
+ld-p,133,459117.1428571429,94180.0,1000000.0,506557.7512885142,2,0
-p-l-p,443,413640.0,198840.0,1000000.0,408743.0316114381,2,0
+p+p+l,234,130040.0,95300.0,367780.0,140664.67929085824,3,3
+l+p+p,311,687393.3333333334,1000000.0,1000000.0,485468.7706811496,0,1
-l-p-p,214,26625.0,10200.0,85840.0,39924.7270915323,1,2
-ld+p,424,60818.181818181816,21660.0,238200.0,81546.1736463682,3,3
+l+p+l,112,17524.0,6300.0,37660.0,17035.70016171921,1,2
d-pd,324,46650.0,49870.0,83900.0,42619.08961955898,1,2
+l+l+p,134,529873.3333333334,547170.0,1000000.0,455385.2143831505,2,0
+pd-l,213,0.0,0.0,0.0,0.0,1,2
-pd+p,213,0.0,0.0,0.0,0.0,1,2
+pd-p,212,0.0,0.0,0.0,0.0,1,2
-l-p-l,144,65910.0,65910.0,124300.0,82575.92990696502,1,3
-p-p-p,443,798818.1818181818,1000000.0,1000000.0,339686.28708907816,0,1
-pd+l,341,100577.14285714286,3980.0,436060.0,173675.8250030101,3,3
+p+p+p,332,0.0,0.0,0.0,0.0,1,2
+p+p+l,313,0.0,0.0,0.0,0.0,1,2
-l-l-p,122,5440.0,5440.0,5900.0,650.5382386916237,1,2
d-pd,344,675474.2857142857,1000000.0,1000000.0,434403.86197090615,0,1
-l-p-l,214,0.0,0.0,0.0,0.0,1,2
+l+l+p,441,229720.0,229720.0,457000.0,321422.45845615707,3,3
+p+p+l,413,0.0,0.0,0.0,0.0,1,2
+p+l+p,132,14720.0,14720.0,29140.0,20392.95956942003,1,2
-p-p-l,122,19193.33333333333,19860.0,33520.0,14671.364399173422,1,2
-l-l-l,412,17166.666666666668,13740.0,33540.0,14957.343792710431,1,2
+p+p+l,112,0.0,0.0,0.0,0.0,1,2
-l-l-l,432,572935.5555555555,755060.0,1000000.0,446226.510953549,0,1
+l+p+p,344,694963.3333333334,868830.0,1000000.0,359349.9052287044,0,1
-l-p-l,121,0.0,0.0,0.0,0.0,1,2
+p+l+p,112,15960.0,15960.0,15960.0,0.0,1,2
+pd-p,244,94726.66666666669,77440.0,177780.0,75901.05225445385,1,3
-l-l-p,214,367933.3333333333,112260.0,1000000.0,477568.109173969,2,0
-p-p-l,312,409976.6666666667,193660.0,1000000.0,462647.8556166306,2,0
-p-l-p,413,0.0,0.0,0.0,0.0,1,2
d+pd,342,66280.0,72540.0,113900.0,33106.132362449105,1,3
+pd-l,314,0.0,0.0,0.0,0.0,1,2
+p+p+p,324,11603.333333333334,7790.0,25140.0,10823.739957457712,1,2
-l-l-p,412,369065.0,294470.0,1000000.0,351417.6893281374,2,0
-ld+l,122,0.0,0.0,0.0,0.0,1,2
+pd-l,134,0.0,0.0,0.0,0.0,1,2
-pd+p,231,36940.0,26060.0,84280.0,42946.3712087529,1,2
-pd+l,241,107213.33333333331,34940.0,285100.0,154953.66576281225,3,3
-p-p-l,141,9180.0,9180.0,9180.0,0.0,1,2
+l+l+p,333,627982.2222222222,1000000.0,1000000.0,453209.57199119753,0,1
-p-l-p,124,144824.0,48210.0,1000000.0,304073.45907782804,2,0
-p-p-l,143,0.0,0.0,0.0,0.0,1,2
+l+p+l,144,353941.6666666667,129240.0,1000000.0,413874.27835984057,2,0
+l+p+l,423,864331.1111111111,1000000.0,1000000.0,251515.9357001284,0,1
-l-l-l,431,73140.0,73140.0,121560.0,68476.22069010526,1,3
-p-l-l,333,800382.2222222222,1000000.0,1000000.0,356655.4506024609,0,1
+p+p+p,444,604942.5,840970.0,1000000.0,471468.1064126031,0,1
+p+p+l,131,0.0,0.0,0.0,0.0,1,2
+ld-p,432,575715.0,849370.0,1000000.0,479312.574356613,0,1
-p-l-p,414,88086.66666666667,84480.0,177120.0,87285.90340560916,1,3
+pd-l,131,0.0,0.0,0.0,0.0,1,2
-l-l-p,142,15140.0,15140.0,28600.0,19035.314549541858,1,2
+l+l+l,441,435873.3333333333,233460.0,1000000.0,439349.1999537498,2,0
+l+l+p,331,0.0,0.0,0.0,0.0,1,2
d-pd,143,0.0,0.0,0.0,0.0,1,2
-p-p-p,113,460096.0,344850.0,1000000.0,469954.8848134255,2,0
+ld-p,144,402970.0,202920.0,1000000.0,403559.89137583127,2,0
-pd+p,222,62010.0,21260.0,196180.0,89641.98792976425,1,3
-p-l-l,144,688993.3333333334,1000000.0,1000000.0,467052.799691855,0,1
-l-p-p,313,2760.0,2760.0,2760.0,0.0,1,2
+pd-p,323,30620.0,30620.0,47980.0,24550.74744279693,1,2
+ld-p,143,534480.0,330160.0,1000000.0,453215.1913826367,2,0
-l-l-p,231,519262.5,555550.0,1000000.0,514947.6505363017,2,0
+p+p+l,322,17893.333333333332,13360.0,34340.0,14713.454160506748,1,2
-p-l-l,314,126505.71428571428,27420.0,498520.0,190013.56046846963,3,3
+l+l+p,242,309777.14285714284,229340.0,1000000.0,340057.8982915648,2,0
-ld+p,133,4580.0,4580.0,4580.0,0.0,1,2
-p-p-p,241,731866.6666666666,1000000.0,1000000.0,399549.4289897817,0,1
+l+l+p,323,177342.0,148670.0,343100.0,116757.34930948792,3,3
+l+l+l,243,1000000.0,1000000.0,1000000.0,0.0,0,1
-l-p-l,434,506845.7142857143,470000.0,1000000.0,487328.67672845273,2,0
-l-l-p,421,842796.6666666666,1000000.0,1000000.0,385067.9525313249,0,1
+ld-l,231,75006.66666666667,40020.0,151040.0,65916.47543166528,1,3
+p+p+p,222,0.0,0.0,0.0,0.0,1,2
-ld+p,343,437916.3636363637,190760.0,1000000.0,450427.3307709631,2,0
d-pd,231,0.0,0.0,0.0,0.0,1,2
+p+l+p,322,182296.0,92480.0,526700.0,212622.55684663376,3,3
-l-p-p,244,766286.6666666666,853720.0,1000000.0,287577.5473386845,0,1
-l-p-p,144,25620.0,6380.0,64780.0,33915.25910265172,1,2
+pd-l,331,621550.0,732620.0,1000000.0,473141.96925094974,0,1
+ld-p,122,23480.0,16060.0,58620.0,25400.26771512458,1,2
+pd-p,224,0.0,0.0,0.0,0.0,1,2
+pd-p,434,307796.0,188600.0,1000000.0,335833.70405934873,2,0
-p-l-p,114,0.0,0.0,0.0,0.0,1,2
-l-l-l,222,8046.666666666667,3640.0,18940.0,9491.05543832367,1,2
+pd-p,131,0.0,0.0,0.0,0.0,1,2
-pd+l,322,16640.0,3360.0,43560.0,23314.09873874605,1,2
+p+l+p,133,0.0,0.0,0.0,0.0,1,2
-p-p-p,243,764742.8571428572,1000000.0,1000000.0,411762.0828307809,0,1
-pd+l,212,0.0,0.0,0.0,0.0,1,2
-ld+l,231,435788.5714285714,25480.0,1000000.0,527841.0912205987,2,0
-ld+p,311,0.0,0.0,0.0,0.0,1,2
-pd+p,433,431687.5,167000.0,1000000.0,475893.02482655854,2,0
+ld-p,334,548033.3333333334,463520.0,1000000.0,443799.1249428056,2,0
-l-l-p,433,609093.3333333334,660520.0,1000000.0,436243.53412591305,0,1
+l+p+p,223,580615.0,653320.0,1000000.0,447108.45949785545,0,1
-p-p-p,314,723726.6666666666,943560.0,1000000.0,346396.794582412,0,1
-ld+p,321,0.0,0.0,0.0,0.0,1,2
-l-l-l,341,86245.0,75160.0,161260.0,63197.667414760384,1,3
+pd-p,121,0.0,0.0,0.0,0.0,1,2
+ld-p,431,518178.3333333333,374250.0,1000000.0,440418.68810636696,2,0
+p+p+p,334,408117.77777777775,236860.0,1000000.0,422943.381724368,2,0
+l+l+p,214,0.0,0.0,0.0,0.0,1,2
+p+l+l,311,0.0,0.0,0.0,0.0,1,2
-pd+p,114,0.0,0.0,0.0,0.0,1,2
+pd-p,423,215613.3333333333,142810.0,668360.0,235726.49360363945,3,0
d+pd,143,0.0,0.0,0.0,0.0,1,2
-pd+l,213,0.0,0.0,0.0,0.0,1,2
-l-l-l,423,778053.3333333334,1000000.0,1000000.0,335859.3909659219,0,1
+p+p+p,133,0.0,0.0,0.0,0.0,1,2
+pd-p,242,0.0,0.0,0.0,0.0,1,2
-pd+l,443,601583.3333333334,682490.0,1000000.0,406135.3035478186,0,1
+p+p+l,111,0.0,0.0,0.0,0.0,1,2
+p+l+p,334,378706.6666666667,169200.0,1000000.0,420421.4770340773,2,0
-l-l-l,142,2180.0,2180.0,2180.0,0.0,1,2
+pd-p,231,0.0,0.0,0.0,0.0,1,2
-l-p-l,413,0.0,0.0,0.0,0.0,1,2
d+pd,211,0.0,0.0,0.0,0.0,1,2
-ld+p,213,0.0,0.0,0.0,0.0,1,2
+ld-l,211,0.0,0.0,0.0,0.0,1,2
-l-l-l,311,24453.33333333333,23800.0,45240.0,20467.821900078507,1,2
-p-p-l,244,1000000.0,1000000.0,1000000.0,0.0,0,1
+l+l+l,224,376448.8888888889,135900.0,1000000.0,470129.3304093152,2,0
-p-p-l,321,65816.0,18360.0,254860.0,107335.22758162858,3,3
+l+p+p,231,269728.8888888889,82680.0,1000000.0,394052.2898183833,2,0
-pd+p,411,0.0,0.0,0.0,0.0,1,2
+p+p+p,442,535733.3333333334,357540.0,1000000.0,405668.8020212219,2,0
-p-p-p,324,566966.6666666666,719860.0,719860.0,259979.01206665032,0,1
d-pd,111,0.0,0.0,0.0,0.0,1,2
d-pd,423,545066.6666666666,562080.0,1000000.0,499323.1456548621,2,0
-p-p-p,213,608920.0,924280.0,1000000.0,460325.182768561,0,1
+l+p+p,424,576045.0,466000.0,1000000.0,392491.4092516722,2,0
+pd-l,242,43964.0,47160.0,97660.0,36207.40642465295,1,2
-p-l-p,312,480.0,480.0,480.0,0.0,1,2
+p+l+p,121,0.0,0.0,0.0,0.0,1,2
-p-p-l,234,932500.0,1000000.0,1000000.0,233826.85902179845,0,1
-p-l-p,244,535494.5454545454,406580.0,1000000.0,394254.1984142626,2,0
-p-l-l,243,749836.6666666666,1000000.0,1000000.0,416625.589650366,0,1
-l-p-p,243,277603.3333333333,101610.0,1000000.0,385904.5283832086,2,0
-p-l-l,322,503693.3333333333,551500.0,1000000.0,397976.2705823888,2,0
+l+l+l,213,101095.0,53650.0,289680.0,132193.52417321104,3,3
+l+p+p,332,840695.5555555555,1000000.0,1000000.0,282261.7858970247,0,1
+pd-l,421,128928.57142857143,55960.0,432420.0,154908.80795149246,3,3
+p+l+p,412,515142.2222222223,389040.0,1000000.0,473690.7144376428,2,0
+pd-p,421,9420.0,9420.0,11440.0,2856.711395993652,1,2
-l-l-p,432,1000000.0,1000000.0,1000000.0,0.0,0,1
+pd-l,414,0.0,0.0,0.0,0.0,1,2
+ld-p,442,700655.5555555555,1000000.0,1000000.0,404294.3781179473,0,1
+pd-p,414,0.0,0.0,0.0,0.0,1,2
-p-p-p,141,665750.0,772910.0,1000000.0,385854.3977053668,0,1
+p+p+l,232,9850.0,9850.0,13060.0,4539.625535217635,1,2
+l+l+l,341,330071.1111111111,41620.0,1000000.0,454008.4629289537,2,0
+ld-p,132,428708.0,309300.0,1000000.0,421789.6733576002,2,0
-l-l-p,224,553935.0,568600.0,1000000.0,477236.6638711418,2,0
+l+p+l,142,127100.0,36510.0,697280.0,234707.01517302069,3,0
+p+p+l,211,0.0,0.0,0.0,0.0,1,2
-ld+l,144,78096.66666666667,62940.0,221760.0,81981.4509914692,3,3
+ld-p,411,0.0,0.0,0.0,0.0,1,2
-pd+l,211,0.0,0.0,0.0,0.0,1,2
-p-l-l,134,715901.6666666666,1000000.0,1000000.0,437760.9939397885,0,1
+pd-p,134,0.0,0.0,0.0,0.0,1,2
+l+p+p,313,525590.9090909091,425000.0,1000000.0,451523.3734249988,2,0
+l+p+l,232,27160.0,27160.0,48520.0,30207.60169228931,1,2
+p+p+l,433,590813.3333333334,543000.0,1000000.0,355897.6355639357,2,0
-l-p-p,343,531540.0,545100.0,1000000.0,500741.5080857588,2,0
+p+p+l,341,639420.0,842140.0,985920.0,481040.67229289457,0,1
+ld-p,324,61690.0,53320.0,133200.0,52781.95272376092,1,3
-pd+p,441,536831.6666666666,467850.0,1000000.0,420015.13855473296,2,0
-pd+l,122,0.0,0.0,0.0,0.0,1,2
-ld+l,444,782371.6666666666,1000000.0,1000000.0,330648.3769761613,0,1
-p-p-l,341,67855.0,45440.0,164260.0,69107.30858599544,1,3
+l+p+p,422,865138.3333333334,1000000.0,1000000.0,288968.5573909488,0,1
-ld+l,112,0.0,0.0,0.0,0.0,1,2
+l+p+l,212,33747.5,13230.0,105560.0,37144.00845743112,1,2
d+pd,144,36560.0,36560.0,36560.0,0.0,1,2
-p-l-l,242,653714.0,1000000.0,1000000.0,465603.3497445367,0,1
+l+p+l,114,253230.0,73690.0,1000000.0,375102.01167633897,2,0
-pd+p,342,1000000.0,1000000.0,1000000.0,0.0,0,1
+l+p+l,442,117342.22222222222,61720.0,358380.0,120500.85785771172,3,3
d-pd,331,0.0,0.0,0.0,0.0,1,2
-l-p-l,442,1000000.0,1000000.0,1000000.0,0.0,0,1
+p+p+l,133,0.0,0.0,0.0,0.0,1,2
+l+l+l,443,766805.0,1000000.0,1000000.0,368638.9448301068,0,1
+p+p+p,142,0.0,0.0,0.0,0.0,1,2
+p+p+l,321,0.0,0.0,0.0,0.0,1,2
+l+l+l,442,550626.6666666666,687750.0,1000000.0,429967.6866787535,0,1
-pd+l,221,0.0,0.0,0.0,0.0,1,2
-p-p-p,313,792866.6666666666,1000000.0,1000000.0,355680.4870905483,0,1
+pd-l,313,0.0,0.0,0.0,0.0,1,2
d-pd,233,42113.333333333336,39400.0,76060.0,32674.60379764892,1,2
+p+l+p,324,0.0,0.0,0.0,0.0,1,2
+p+l+l,411,6940.0,6940.0,6940.0,0.0,1,2
-pd+p,134,417134.0,311360.0,1000000.0,432026.3421032462,2,0
-ld+l,313,0.0,0.0,0.0,0.0,1,2
-pd+p,113,0.0,0.0,0.0,0.0,1,2
+p+p+p,413,0.0,0.0,0.0,0.0,1,2
+ld-p,321,15750.0,15750.0,26420.0,15089.658710520924,1,2
-l-p-l,113,4690.0,4690.0,5840.0,1626.3455967290593,1,2
-p-p-p,112,579358.1818181818,823820.0,1000000.0,466570.0101339172,0,1
-l-p-l,233,107225.71428571428,50080.0,263140.0,110381.97359731386,3,3
d+pd,334,645611.1111111111,887080.0,1000000.0,428084.21836259175,0,1
d+pd,323,409402.2222222223,189180.0,1000000.0,449402.7425866964,2,0
+l+p+l,434,868592.7272727273,1000000.0,1000000.0,294473.5999403311,0,1
+p+l+p,343,560630.0,660460.0,1000000.0,493665.3868765766,0,1
+l+l+p,232,172025.7142857143,11000.0,574000.0,258576.55931768336,3,3
-ld+p,442,156867.5,11320.0,832780.0,301178.97705754393,2,0
+pd-p,141,0.0,0.0,0.0,0.0,1,2
d+pd,322,62995.0,59800.0,113020.0,38739.855016077,1,3
+ld-l,244,783211.1111111111,881500.0,1000000.0,322543.0306348459,0,1
+p+l+p,142,62340.0,62340.0,62340.0,0.0,1,2
d-pd,142,0.0,0.0,0.0,0.0,1,2
+p+p+l,132,0.0,0.0,0.0,0.0,1,2
-p-p-p,212,666787.2727272727,1000000.0,1000000.0,418293.6098266601,0,1
+l+p+l,323,594098.3333333334,803230.0,1000000.0,448219.5969476109,0,1
+l+p+p,333,595846.6666666666,819420.0,1000000.0,449471.5789039661,0,1
+l+l+l,242,1000000.0,1000000.0,1000000.0,0.0,0,1
-p-p-p,233,698180.0,1000000.0,1000000.0,449799.0943844717,0,1
+p+l+l,443,534800.0,408340.0,1000000.0,465173.5862664604,2,0
+pd-l,133,32050.0,32050.0,49120.0,24140.62550970873,1,2
-l-l-l,112,12060.0,12060.0,12060.0,0.0,1,2
d+pd,243,262090.0,19180.0,1000000.0,491992.8046899331,2,0
-p-p-p,244,715333.3333333334,1000000.0,1000000.0,432760.7945505231,0,1
+ld-p,124,0.0,0.0,0.0,0.0,1,2
+l+l+p,342,207083.3333333333,125430.0,745320.0,272832.4072881861,3,0
-ld+p,433,219982.5,7280.0,1000000.0,358307.85589051375,2,0
+p+l+p,143,0.0,0.0,0.0,0.0,1,2
+p+p+p,314,0.0,0.0,0.0,0.0,1,2
d-pd,311,0.0,0.0,0.0,0.0,1,2
+l+l+l,343,922542.2222222222,1000000.0,1000000.0,232373.3333333333,0,1
-p-p-p,444,749003.3333333334,1000000.0,1000000.0,394045.0365430866,0,1
+p+p+p,243,142440.0,142440.0,207280.0,91697.60738427148,3,3
+l+p+l,413,637240.0,694870.0,1000000.0,370015.3826918165,0,1
+pd-l,112,0.0,0.0,0.0,0.0,1,2
+l+l+p,223,57555.0,50310.0,124020.0,43792.97888931512,1,3
+l+l+l,344,910897.7777777778,1000000.0,1000000.0,267306.6666666667,0,1
-l-p-l,312,77500.0,86020.0,126540.0,53808.29675802794,1,3
+p+l+l,422,455260.0,265220.0,1000000.0,500047.4921444962,2,0
+pd-p,333,38831.11111111111,31340.0,109080.0,31798.133767740383,1,2
-ld+p,144,132622.5,30390.0,444280.0,192084.10284114012,3,3
+pd-p,422,0.0,0.0,0.0,0.0,1,2
-ld+l,442,729860.0,1000000.0,1000000.0,421605.9707040845,0,1
+p+l+l,413,16866.666666666668,12340.0,27480.0,9224.45300998023,1,2
-ld+p,124,21953.33333333333,21200.0,30560.0,8255.81815045204,1,2
-pd+p,124,77756.66666666667,45510.0,238180.0,90283.29051749648,3,3
+l+p+l,131,0.0,0.0,0.0,0.0,1,2
+p+l+p,344,482783.6363636364,362240.0,1000000.0,448452.3769425852,2,0
+l+p+p,213,330880.0,127940.0,1000000.0,401548.9169453704,2,0
-l-l-l,322,428450.0,291860.0,1000000.0,473913.3518693053,2,0
+pd-p,324,59640.0,21810.0,193120.0,90124.12625558894,1,3
-l-p-p,114,0.0,0.0,0.0,0.0,1,2
+p+l+p,421,449963.6363636364,70960.0,1000000.0,469742.0284214034,2,0
+p+p+l,432,386430.0,267730.0,1000000.0,398686.7166800806,2,0
-p-l-p,444,618088.0,839920.0,1000000.0,437610.233498055,0,1
-l-l-p,234,682180.0,690840.0,1000000.0,351374.1014929814,0,1
d-pd,144,0.0,0.0,0.0,0.0,1,2
+pd-p,222,0.0,0.0,0.0,0.0,1,2
+l+p+l,341,14170.0,14170.0,21220.0,9970.20561473032,1,2
+p+l+l,414,593056.6666666666,733100.0,1000000.0,471676.904402438,0,1
+ld-p,421,192542.5,17050.0,791080.0,331015.9682704144,2,0
+l+l+l,122,322423.63636363635,123620.0,1000000.0,395302.1161408759,2,0
-ld+l,244,452498.3333333333,103250.0,1000000.0,484050.29163645103,2,0
+p+l+p,414,468060.0,123380.0,1000000.0,499541.5951983712,2,0
-p-p-p,222,661741.8181818182,1000000.0,1000000.0,470580.8786981932,0,1
+pd-l,321,240.0,240.0,240.0,0.0,1,2
d+pd,214,22670.0,23640.0,49580.0,16869.962655560324,1,2
-l-p-p,422,11380.0,13300.0,15720.0,5554.70971338737,1,2
+p+l+l,214,17910.0,17910.0,25120.0,10196.479784710014,1,2
-p-l-p,342,138555.0,90550.0,426000.0,132650.00210004844,3,3
+ld-l,142,131756.0,83120.0,353660.0,128117.01557560574,3,3
+l+p+l,422,467473.3333333333,327890.0,1000000.0,293881.36781134433,2,0
+p+p+p,234,35980.0,21880.0,84840.0,43556.67113083827,1,2
+ld-l,243,798705.7142857143,1000000.0,1000000.0,368728.6989489311,0,1
+l+p+l,313,577946.6666666666,659240.0,1000000.0,440592.16663485975,0,1
+ld-p,443,758446.6666666666,1000000.0,1000000.0,360539.26936121,0,1
+pd-p,114,0.0,0.0,0.0,0.0,1,2
-pd+l,323,24490.0,24490.0,37440.0,18314.06563273158,1,2
+p+l+p,213,159020.0,159020.0,159020.0,0.0,1,3
+l+l+p,112,0.0,0.0,0.0,0.0,1,2
-pd+p,324,50764.0,30340.0,147060.0,53239.13581400643,1,3
+p+l+p,423,574652.0,663640.0,1000000.0,379077.62993877655,0,1
-pd+l,244,806566.6666666666,1000000.0,1000000.0,340093.1757621726,0,1
+pd-p,412,0.0,0.0,0.0,0.0,1,2
d-pd,312,0.0,0.0,0.0,0.0,1,2
-l-p-p,212,0.0,0.0,0.0,0.0,1,2
-pd+p,421,118300.0,42940.0,475420.0,200325.1751528,3,3
-p-l-l,411,19576.666666666668,13790.0,60940.0,20851.10037064391,1,2
-ld+l,131,9070.0,9070.0,17620.0,12091.525958289963,1,2
-p-p-p,223,599791.6666666666,1000000.0,1000000.0,494838.24453200377,0,1
+p+p+p,124,13880.0,13880.0,13880.0,0.0,1,2
d+pd,234,325147.5,37850.0,1000000.0,451907.6373315364,2,0
-p-l-l,321,223730.0,109460.0,1000000.0,317354.9396355934,2,0
-pd+l,442,346683.63636363635,78160.0,1000000.0,431736.9794509784,2,0
-l-l-p,334,880317.7777777778,1000000.0,1000000.0,274844.3862341824,0,1
-p-p-l,221,56090.0,56090.0,107180.0,72252.17090164142,1,3
+pd-l,413,0.0,0.0,0.0,0.0,1,2
-ld+l,413,94980.0,94980.0,94980.0,0.0,1,2
-l-l-p,132,96750.0,96750.0,111400.0,20718.22868876584,1,3
-ld+p,244,476562.2222222223,157500.0,1000000.0,498707.1017585818,2,0
-l-p-p,341,0.0,0.0,0.0,0.0,1,2
+p+p+l,124,0.0,0.0,0.0,0.0,1,2
-l-l-l,133,66876.0,12080.0,228240.0,97544.97362755294,3,3
+p+l+p,323,161374.2857142857,23860.0,818720.0,293485.87693772383,2,0
+l+p+p,224,622295.5555555555,754060.0,1000000.0,417062.2820128641,0,1
-pd+l,131,0.0,0.0,0.0,0.0,1,2
+ld-l,344,725626.6666666666,1000000.0,1000000.0,417574.66829298926,0,1
d+pd,113,0.0,0.0,0.0,0.0,1,2
-p-p-l,121,20650.0,20650.0,38900.0,25809.397513308984,1,2
+p+p+l,244,72784.0,29170.0,194920.0,76020.8473161584,1,3
+ld-p,231,357025.0,211520.0,1000000.0,454924.9222674001,2,0
+ld-p,441,606673.3333333334,978560.0,1000000.0,479252.3973731157,0,1
+p+p+p,321,0.0,0.0,0.0,0.0,1,2
-p-p-p,242,822410.0,1000000.0,1000000.0,351036.48880526266,0,1
-l-l-l,131,0.0,0.0,0.0,0.0,1,2
+p+l+l,433,720653.3333333334,1000000.0,1000000.0,436397.53228755394,0,1
+p+p+l,233,240.0,240.0,240.0,0.0,1,2
+ld-l,223,259755.0,71170.0,896100.0,427296.089497669,2,0
-ld+p,112,0.0,0.0,0.0,0.0,1,2
+l+l+p,321,0.0,0.0,0.0,0.0,1,2
-p-l-p,134,600111.1111111111,906140.0,1000000.0,455094.4551531156,0,1
+l+l+p,442,342451.1111111111,127460.0,1000000.0,393496.03036258335,2,0
+p+p+p,424,48548.57142857143,41660.0,161280.0,54710.03912402532,1,3
+ld-p,434,510780.0,289660.0,1000000.0,473623.77617683006,2,0
-p-l-l,233,663890.0,1000000.0,1000000.0,437756.6828107305,0,1
-l-l-p,434,908342.0,1000000.0,1000000.0,243988.2052613746,0,1
-ld+l,133,8313.333333333334,5060.0,19200.0,9679.139080173058,1,2
+l+l+l,234,617557.7777777778,806660.0,1000000.0,417984.19867794577,0,1
+l+p+p,321,682192.0,1000000.0,1000000.0,438111.7550174207,0,1
-p-p-l,422,424345.0,133710.0,1000000.0,478294.6111521045,2,0
+l+p+p,423,690795.0,930070.0,1000000.0,389479.25300095486,0,1
+p+l+l,134,0.0,0.0,0.0,0.0,1,2
+l+l+p,124,430640.0,249040.0,1000000.0,451345.5072114932,2,0
-ld+p,214,0.0,0.0,0.0,0.0,1,2
d-pd,313,0.0,0.0,0.0,0.0,1,2
-l-l-l,214,336533.3333333333,138390.0,1000000.0,419437.2761284583,2,0
-p-l-l,214,44980.0,44980.0,50600.0,7947.880220536794,1,2
-l-l-l,433,761905.0,1000000.0,1000000.0,357042.55220045993,0,1
-l-p-l,311,0.0,0.0,0.0,0.0,1,2
-l-l-p,221,292350.0,24460.0,1000000.0,446393.2548133508,2,0
+l+l+l,233,424195.5555555556,143460.0,1000000.0,450106.2712046764,2,0
+l+p+l,324,530004.4444444445,816600.0,816600.0,365440.8960116229,0,1
-l-l-p,321,797417.7777777778,1000000.0,1000000.0,307380.53182406403,0,1
-pd+p,331,116534.0,17030.0,1000000.0,310767.75494821783,2,0
-ld+p,222,0.0,0.0,0.0,0.0,1,2
-l-p-l,341,0.0,0.0,0.0,0.0,1,2
-p-l-l,332,813625.0,1000000.0,1000000.0,364449.964155201,0,1
-p-l-p,421,21980.0,21980.0,21980.0,0.0,1,2
-p-l-p,221,0.0,0.0,0.0,0.0,1,2
+l+l+p,312,0.0,0.0,0.0,0.0,1,2
-ld+l,312,0.0,0.0,0.0,0.0,1,2
-pd+p,224,15626.666666666666,11460.0,25780.0,7340.383277913127,1,2
+l+l+l,444,786105.0,1000000.0,1000000.0,390676.8172962497,0,1
+pd-p,144,0.0,0.0,0.0,0.0,1,2
-l-p-p,112,0.0,0.0,0.0,0.0,1,2
-l-p-l,421,0.0,0.0,0.0,0.0,1,2
-l-p-l,111,0.0,0.0,0.0,0.0,1,2
d-pd,323,53542.857142857145,41800.0,130960.0,46525.139338600486,1,3
+pd-p,133,0.0,0.0,0.0,0.0,1,2
-p-l-l,342,1000000.0,1000000.0,1000000.0,0.0,0,1
-p-p-p,321,544720.0,617610.0,1000000.0,421640.8497546439,0,1
+p+l+p,114,0.0,0.0,0.0,0.0,1,2
d-pd,424,35320.0,780.0,104580.0,59980.986987544646,1,3
-pd+l,233,744108.0,1000000.0,1000000.0,418179.1178377461,0,1
d+pd,241,0.0,0.0,0.0,0.0,1,2
-p-l-l,442,86913.33333333333,111340.0,113700.0,44367.74203555251,1,3
+l+l+l,312,78460.0,78460.0,96440.0,25427.55985146825,1,3
-ld+l,223,207136.0,118160.0,665480.0,270409.31618566695,3,0
+pd-l,123,0.0,0.0,0.0,0.0,1,2
+ld-l,433,571942.2222222222,544660.0,1000000.0,429081.3243948569,2,0
-l-p-p,143,36770.0,36770.0,62940.0,37009.9689273039,1,2
d+pd,432,201023.3333333333,57840.0,887840.0,341568.4176071709,2,0
+l+l+p,412,4970.0,4970.0,9580.0,6519.5245225399685,1,2
+l+l+l,434,783763.3333333334,1000000.0,1000000.0,380580.1948540564,0,1
-p-p-p,132,622151.6666666666,1000000.0,1000000.0,468760.58711599605,0,1
+ld-l,423,178532.0,100760.0,558120.0,231408.25551392933,3,3
-ld+l,121,0.0,0.0,0.0,0.0,1,2
-p-l-l,121,434860.0,254480.0,1000000.0,457179.83210111095,2,0
+p+p+l,242,45213.333333333336,51300.0,59040.0,17674.346758319905,1,2
-l-l-p,441,840792.0,1000000.0,1000000.0,340367.3021506815,0,1
+p+l+l,432,0.0,0.0,0.0,0.0,1,2
+pd-l,441,412836.6666666667,222820.0,1000000.0,450709.449713012,2,0
+p+l+p,134,0.0,0.0,0.0,0.0,1,2
-ld+p,134,106705.0,17800.0,712140.0,245183.60671137864,3,0
+p+l+p,214,0.0,0.0,0.0,0.0,1,2
-l-p-p,344,547008.3333333334,533430.0,1000000.0,440510.071329163,2,0
+p+l+p,232,220797.5,49180.0,770000.0,334198.26868620544,2,0
+l+l+l,423,425946.6666666667,292360.0,1000000.0,413592.6147793261,2,0
-l-l-p,411,438718.1818181818,427360.0,1000000.0,394358.4909652176,2,0
-pd+l,121,4580.0,4580.0,4580.0,0.0,1,2
-l-l-l,424,880500.0,1000000.0,1000000.0,321555.29633330565,0,1
-pd+l,434,521193.3333333333,544800.0,1000000.0,500649.17481448455,2,0
d+pd,121,0.0,0.0,0.0,0.0,1,2
d-pd,322,6040.0,6040.0,6040.0,0.0,1,2
-ld+p,323,59430.0,59430.0,112360.0,74854.32385640792,1,3
d+pd,311,0.0,0.0,0.0,0.0,1,2
+p+p+l,123,0.0,0.0,0.0,0.0,1,2
d-pd,132,0.0,0.0,0.0,0.0,1,2
+pd-l,212,0.0,0.0,0.0,0.0,1,2
+l+l+l,332,685255.0,1000000.0,1000000.0,467547.500445385,0,1
-p-l-p,213,59266.66666666666,20640.0,155500.0,83879.08519609243,1,3
+pd-l,234,44565.0,42170.0,67680.0,20455.795429820533,1,2
-ld+l,212,3300.0,3300.0,3300.0,0.0,1,2
+p+p+p,343,170680.0,10700.0,492900.0,279052.9935334864,3,3
-l-p-p,122,0.0,0.0,0.0,0.0,1,2
+p+l+l,323,244106.0,100480.0,1000000.0,336161.99177711265,2,0
+p+p+p,333,549833.3333333334,614840.0,1000000.0,485942.1045076597,0,1
-l-l-l,331,25420.0,25420.0,49120.0,33516.86142824235,1,2
+ld-l,132,386396.0,43380.0,1000000.0,506462.2251264155,2,0
+ld-p,244,584091.6666666666,518960.0,1000000.0,399063.754437885,2,0
-ld+l,123,0.0,0.0,0.0,0.0,1,2
-pd+p,343,678850.0,1000000.0,1000000.0,412344.4099293696,0,1
-p-l-p,434,584473.3333333334,671930.0,1000000.0,443762.3596093528,0,1
+ld-l,311,0.0,0.0,0.0,0.0,1,2
-p-l-l,132,456660.0,141960.0,1000000.0,468785.9216695352,2,0
-p-p-l,311,50380.0,50380.0,86440.0,50996.54105917381,1,2
+p+l+p,431,334074.54545454547,159000.0,1000000.0,375999.5955413685,2,0
+ld-p,121,4000.0,4000.0,4000.0,0.0,1,2
+pd-p,233,5620.0,5620.0,5620.0,0.0,1,2
-l-p-p,334,604958.3333333334,538910.0,1000000.0,370812.6460978112,2,0
-l-l-p,323,541602.2222222222,301580.0,1000000.0,441557.8400894321,2,0
+l+l+l,124,434811.1111111111,298500.0,1000000.0,456934.4284589542,2,0
+pd-p,442,17733.333333333332,20480.0,30840.0,14674.076915885827,1,2
-p-p-l,211,51660.0,51660.0,51660.0,0.0,1,2
+pd-p,142,9100.0,9100.0,9100.0,0.0,1,2
+ld-p,211,0.0,0.0,0.0,0.0,1,2
-ld+p,434,357568.3333333333,206870.0,1000000.0,348865.3136783289,2,0
-ld+l,311,0.0,0.0,0.0,0.0,1,2
-l-l-l,334,832451.6666666666,1000000.0,1000000.0,295671.04859757214,0,1
d+pd,434,492708.8888888889,225540.0,1000000.0,475007.3533231997,2,0
-ld+p,431,0.0,0.0,0.0,0.0,1,2
-pd+l,113,69380.0,69380.0,69380.0,0.0,1,2
-p-l-p,341,12052.0,15320.0,23380.0,9322.731359424664,1,2
-p-p-p,311,512822.8571428572,345120.0,1000000.0,469497.9507841074,2,0
+p+l+p,321,128970.0,128970.0,239040.0,155662.48681040658,3,3
+l+l+p,111,0.0,0.0,0.0,0.0,1,2
+p+p+l,334,717745.0,975540.0,1000000.0,420880.71289346856,0,1
d-pd,241,0.0,0.0,0.0,0.0,1,2
+p+l+l,122,0.0,0.0,0.0,0.0,1,2
+l+p+p,343,689683.3333333334,1000000.0,1000000.0,455359.339569678,0,1
+pd-l,412,0.0,0.0,0.0,0.0,1,2
+l+l+p,142,184235.5555555556,114120.0,534420.0,157141.98922559744,3,3
d+pd,131,0.0,0.0,0.0,0.0,1,2
-l-l-p,131,43148.0,4400.0,202820.0,89290.23866022534,1,3
+p+p+l,222,0.0,0.0,0.0,0.0,1,2
+ld-p,333,644685.0,822080.0,1000000.0,416192.5613878093,0,1
+l+l+p,114,10340.0,10340.0,10340.0,0.0,1,2
+p+p+l,141,0.0,0.0,0.0,0.0,1,2
+pd-l,311,0.0,0.0,0.0,0.0,1,2
+l+l+p,231,0.0,0.0,0.0,0.0,1,2
-p-p-p,231,634361.8181818182,1000000.0,1000000.0,444190.6625272121,0,1
-p-p-p,224,850821.8181818182,1000000.0,1000000.0,339932.6590317024,0,1
-l-p-p,442,0.0,0.0,0.0,0.0,1,2
-l-l-l,441,14860.0,8680.0,30280.0,13441.473133551992,1,2
+l+l+p,243,345577.5,207350.0,1000000.0,358549.48691120127,2,0
+p+p+l,331,41280.0,41280.0,76140.0,49299.484784326094,1,2
+ld-l,414,3660.0,3660.0,3660.0,0.0,1,2
+p+l+p,441,675827.5,1000000.0,1000000.0,451012.3681468488,0,1
+l+p+l,344,609969.0909090909,1000000.0,1000000.0,454269.9046482069,0,1
-ld+l,224,60365.0,48970.0,133540.0,58559.31095906098,1,3
-l-l-p,141,18566.666666666668,4580.0,49340.0,26687.23540071795,1,2
+p+l+p,314,234928.0,88700.0,847940.0,344376.9526550812,2,0
-p-l-p,133,67345.0,54450.0,146460.0,61154.81638159554,1,3
-p-p-l,334,868093.3333333334,1000000.0,1000000.0,307144.6220603676,0,1
+p+p+l,311,0.0,0.0,0.0,0.0,1,2
-ld+l,424,479262.2222222223,381280.0,1000000.0,405294.2890597454,2,0
d+pd,123,0.0,0.0,0.0,0.0,1,2
+p+l+l,211,0.0,0.0,0.0,0.0,1,2
-ld+p,221,0.0,0.0,0.0,0.0,1,2
-l-p-l,443,240818.3333333333,61960.0,1000000.0,382065.3003166613,2,0
+l+l+l,133,674765.4545454546,1000000.0,1000000.0,460696.2171401809,0,1
+l+l+l,432,687116.6666666666,735180.0,1000000.0,347549.1996058496,0,1
-ld+l,234,364573.3333333333,83040.0,1000000.0,477884.2557565587,2,0
+l+l+p,423,266200.0,104670.0,1000000.0,381783.82825887215,2,0
-p-p-p,333,797435.0,1000000.0,1000000.0,375023.109893971,0,1
+ld-l,121,0.0,0.0,0.0,0.0,1,2
-p-p-l,212,50128.0,8780.0,152760.0,65902.14048117102,1,3
d-pd,332,0.0,0.0,0.0,0.0,1,2
-p-p-p,433,932670.0,1000000.0,1000000.0,233237.96174722505,0,1
+ld-l,213,0.0,0.0,0.0,0.0,1,2
-ld+p,413,0.0,0.0,0.0,0.0,1,2
-l-p-l,234,465353.3333333333,412320.0,1000000.0,386392.73310972087,2,0
-pd+l,312,0.0,0.0,0.0,0.0,1,2
d+pd,242,52880.0,52880.0,52880.0,0.0,1,2
-p-p-p,434,632843.3333333334,771870.0,1000000.0,407707.5241202232,0,1
-p-p-l,434,792334.0,1000000.0,1000000.0,416964.3459364628,0,1
-p-l-p,323,62513.333333333336,57080.0,120700.0,55751.91141715831,1,3
+pd-p,213,0.0,0.0,0.0,0.0,1,2
+pd-p,321,0.0,0.0,0.0,0.0,1,2
-p-l-p,212,0.0,0.0,0.0,0.0,1,2
+p+l+p,443,713743.3333333334,1000000.0,1000000.0,397109.020692242,0,1
+p+p+p,123,0.0,0.0,0.0,0.0,1,2
-pd+p,344,894184.4444444445,1000000.0,1000000.0,253482.4234099433,0,1
-p-l-l,343,923101.6666666666,1000000.0,1000000.0,189770.39858415184,0,1
-p-p-p,413,681748.3333333334,1000000.0,1000000.0,470859.5502971779,0,1
+pd-l,424,51886.66666666666,55560.0,99900.0,49951.40171540067,1,3
+p+p+p,113,0.0,0.0,0.0,0.0,1,2
+ld-p,332,443728.3333333333,147470.0,1000000.0,471770.0022417189,2,0
-p-l-p,222,81073.33333333333,50950.0,263280.0,98159.76908421631,3,3
-pd+p,313,0.0,0.0,0.0,0.0,1,2
-p-p-p,422,642990.0,1000000.0,1000000.0,443922.7418041444,0,1
-ld+l,344,631046.6666666666,1000000.0,1000000.0,443906.64412689296,0,1
-ld+p,111,0.0,0.0,0.0,0.0,1,2
-p-p-l,114,495238.1818181818,262240.0,1000000.0,427439.45053815946,2,0
-p-p-p,124,594278.1818181818,1000000.0,1000000.0,482728.10984690295,0,1
-ld+p,211,0.0,0.0,0.0,0.0,1,2
-l-p-l,324,218137.77777777772,154240.0,713220.0,226844.40227707723,3,0
-l-p-l,331,0.0,0.0,0.0,0.0,1,2
-l-p-l,133,4280.0,4280.0,4280.0,0.0,1,2
+ld-l,232,39708.0,33420.0,96260.0,32879.40571239085,1,2
-p-l-p,424,589316.3636363636,916220.0,1000000.0,470905.784276913,0,1
-ld+p,344,536660.0,296020.0,1000000.0,444496.3719761952,2,0
+l+l+l,141,412870.0,140010.0,1000000.0,493496.3083955137,2,0
+p+l+l,441,980.0,980.0,980.0,0.0,1,2
-l-l-l,411,6160.0,6160.0,6160.0,0.0,1,2
-ld+p,234,284525.45454545453,124080.0,1000000.0,324024.65450529027,2,0
+l+l+p,144,643100.0,809770.0,1000000.0,420628.712965994,0,1
-l-l-p,121,3770.0,3770.0,6540.0,3917.371567773473,1,2
d+pd,223,285575.0,58300.0,1000000.0,476885.8173259786,2,0
+l+l+p,421,0.0,0.0,0.0,0.0,1,2
-ld+l,334,288831.6666666667,66020.0,1000000.0,373096.279990064,2,0
+l+p+l,242,83118.33333333333,48570.0,248320.0,85084.07497970179,3,3
-l-l-l,332,603228.0,1000000.0,1000000.0,543306.121739853,0,1
+l+l+l,121,99340.0,60800.0,193660.0,82137.08784708647,1,3
-l-p-l,431,0.0,0.0,0.0,0.0,1,2
-pd+l,112,0.0,0.0,0.0,0.0,1,2
+p+p+p,242,0.0,0.0,0.0,0.0,1,2
-pd+p,323,42100.0,42100.0,57760.0,22146.584386762668,1,2
+pd-p,241,0.0,0.0,0.0,0.0,1,2
+p+p+l,213,0.0,0.0,0.0,0.0,1,2
+l+p+l,222,602204.0,1000000.0,1000000.0,544704.6264536405,0,1
+ld-l,333,465023.3333333333,146720.0,1000000.0,474075.5290674747,2,0
-l-p-p,133,860.0,860.0,860.0,0.0,1,2
+p+p+l,324,77935.0,48290.0,327600.0,105000.605576485,3,3
d-pd,214,0.0,0.0,0.0,0.0,1,2
-pd+p,434,480829.0909090909,213720.0,1000000.0,435507.225782869,2,0
+l+l+p,432,128243.63636363635,56220.0,598020.0,177743.81965473384,3,3
-l-p-l,414,30840.0,30840.0,30840.0,0.0,1,2
d-pd,414,198400.0,198400.0,285600.0,123319.42263893387,3,3
+ld-l,441,20573.33333333333,21340.0,22400.0,2307.58170675132,1,2
-l-l-p,113,22040.0,17520.0,49960.0,18818.23052255445,1,2
+p+l+l,313,27595.0,21360.0,71180.0,23107.74205449643,1,2
+l+p+l,343,797087.5,1000000.0,1000000.0,387803.4435767687,0,1
+l+l+p,131,0.0,0.0,0.0,0.0,1,2
+l+l+p,222,77800.0,63130.0,173500.0,77868.16448331115,1,3
d+pd,331,0.0,0.0,0.0,0.0,1,2
-ld+l,314,1760.0,1760.0,1760.0,0.0,1,2
+l+l+p,424,471461.6666666667,346660.0,1000000.0,413239.9653697448,2,0
-l-l-l,343,613546.0,786980.0,1000000.0,433917.7482785316,0,1
+l+l+p,113,4140.0,4140.0,4140.0,0.0,1,2
-ld+p,333,474975.5555555556,395300.0,1000000.0,417680.7845445823,2,0
-ld+l,411,0.0,0.0,0.0,0.0,1,2
-ld+p,444,534771.6666666666,540560.0,1000000.0,414269.653373332,2,0
-pd+p,122,42488.57142857143,12580.0,122300.0,52023.46119094456,1,3
+pd-p,132,0.0,0.0,0.0,0.0,1,2
+p+p+p,121,0.0,0.0,0.0,0.0,1,2
d+pd,132,0.0,0.0,0.0,0.0,1,2
-pd+l,412,0.0,0.0,0.0,0.0,1,2
-l-l-l,434,1000000.0,1000000.0,1000000.0,0.0,0,1
+l+p+p,411,567044.4444444445,1000000.0,1000000.0,513552.42622129415,0,1
-p-l-p,231,0.0,0.0,0.0,0.0,1,2
d+pd,134,0.0,0.0,0.0,0.0,1,2
-p-p-l,213,830315.0,1000000.0,1000000.0,323628.64286372764,0,1
-pd+l,432,251133.3333333333,101150.0,1000000.0,377972.3830475802,2,0
+p+p+p,221,0.0,0.0,0.0,0.0,1,2
-l-l-p,313,698606.6666666666,1000000.0,1000000.0,466921.6721749663,0,1
+pd-p,312,0.0,0.0,0.0,0.0,1,2
d-pd,112,0.0,0.0,0.0,0.0,1,2
+p+l+p,234,321553.3333333333,117850.0,1000000.0,383018.4725919452,2,0
-p-p-l,424,844921.6666666666,1000000.0,1000000.0,320407.87681366765,0,1
+l+p+p,421,636252.7272727273,929360.0,1000000.0,414345.8003429239,0,1
+ld-l,133,273367.5,40610.0,1000000.0,450123.2876112944,2,0
-pd+p,144,703058.1818181818,1000000.0,1000000.0,426382.1998587225,0,1
+p+p+p,141,0.0,0.0,0.0,0.0,1,2
+pd-p,123,0.0,0.0,0.0,0.0,1,2
+pd-p,444,591175.0,760480.0,1000000.0,461726.3807865928,0,1
+l+p+p,244,404242.2222222223,128140.0,1000000.0,454647.96980130073,2,0
-ld+l,414,26060.0,26060.0,26060.0,0.0,1,2
-l-l-p,144,6246.666666666667,8080.0,9520.0,4480.729107336588,1,2
+ld-l,444,1000000.0,1000000.0,1000000.0,0.0,0,1
-pd+p,112,0.0,0.0,0.0,0.0,1,2
-p-l-l,313,110377.14285714286,24840.0,633440.0,230820.2476469721,3,3
+l+p+p,341,624595.5555555555,1000000.0,1000000.0,459834.81096778414,0,1
-p-l-p,441,230360.0,230360.0,230360.0,0.0,3,3
-ld+p,122,0.0,0.0,0.0,0.0,1,2
+pd-l,141,0.0,0.0,0.0,0.0,1,2
+p+l+p,422,663966.6666666666,930470.0,1000000.0,469820.48668259097,0,1
d+pd,213,83550.0,83550.0,119020.0,50162.15505737368,1,3
-p-p-l,223,480000.0,234110.0,1000000.0,464590.67716549255,2,0
d-pd,343,375080.0,105370.0,1000000.0,461164.3507471062,2,0
+l+p+l,444,907275.0,1000000.0,1000000.0,257719.1556890774,0,1
+pd-l,332,637686.6666666666,703600.0,1000000.0,399370.5028333131,0,1
-p-l-p,311,0.0,0.0,0.0,0.0,1,2
-p-p-l,233,928650.9090909092,1000000.0,1000000.0,236638.163678412,0,1
+p+p+p,143,0.0,0.0,0.0,0.0,1,2
-p-p-l,323,988226.6666666666,1000000.0,1000000.0,35320.0,0,1
-ld+l,111,0.0,0.0,0.0,0.0,1,2
+p+p+p,323,30080.0,30080.0,40380.0,14566.39969244288,1,2
-p-l-l,114,260.0,260.0,260.0,0.0,1,2
+p+l+p,211,0.0,0.0,0.0,0.0,1,2
-p-p-l,343,405192.5,301580.0,1000000.0,391132.3170981547,2,0
+ld-p,423,36146.66666666666,38930.0,80860.0,28291.44511449825,1,2
-l-l-p,241,282676.6666666667,158070.0,1000000.0,368052.7726110301,2,0
d+pd,224,281066.6666666667,31960.0,1000000.0,388692.8417143799,2,0
+ld-l,144,417460.0,128900.0,1000000.0,476299.8352928542,2,0
+l+p+p,334,655950.0,750670.0,1000000.0,382232.2974318104,0,1
-l-p-l,343,898350.0,1000000.0,1000000.0,188478.53723965492,0,1
+p+p+l,223,13760.0,13760.0,13760.0,0.0,1,2
+l+p+l,432,258457.14285714287,85320.0,1000000.0,365392.9885166694,2,0
+ld-p,312,0.0,0.0,0.0,0.0,1,2
+l+l+p,141,0.0,0.0,0.0,0.0,1,2
-p-l-p,232,193454.0,137460.0,482440.0,182922.82624101345,3,3
-p-l-p,432,52996.36363636364,20620.0,222780.0,67139.13423223855,1,3
d+pd,133,0.0,0.0,0.0,0.0,1,2
+ld-l,222,86240.0,55680.0,214120.0,88774.06227797247,3,3
+p+p+l,142,0.0,0.0,0.0,0.0,1,2
+p+l+p,311,302500.0,105740.0,766120.0,359940.86692122085,2,0
+l+p+l,122,57030.0,35730.0,240260.0,73547.6886863966,3,3
+pd-l,244,139072.0,16640.0,625160.0,272032.9746924075,3,3
+pd-p,143,70020.0,70020.0,124960.0,77696.89311677784,1,3
+ld-p,224,50093.333333333336,53440.0,90500.0,42179.69337647363,1,2
+p+l+l,241,69300.0,69300.0,69300.0,0.0,1,2
+ld-l,242,833983.3333333334,1000000.0,1000000.0,406656.122131054,0,1
+p+l+l,333,321543.3333333333,200810.0,1000000.0,380693.9321642344,2,0
+pd-p,411,0.0,0.0,0.0,0.0,1,2
-l-l-p,414,262872.0,45140.0,1000000.0,421246.29721814767,2,0
-ld+p,242,48356.36363636364,31120.0,111840.0,37827.053618469225,1,3
+ld-l,332,65186.66666666666,40800.0,181780.0,75452.72073733767,1,3
+p+l+p,123,0.0,0.0,0.0,0.0,1,2
+p+p+p,233,85653.33333333333,23220.0,220320.0,116727.64596843944,3,3
-p-l-p,223,59890.90909090909,56100.0,246620.0,73047.14716599758,3,3
-l-p-l,433,591020.0,1000000.0,1000000.0,491140.4870299332,0,1
+l+l+l,411,57453.333333333336,4270.0,319000.0,128201.63722303497,3,3
-ld+l,222,1470.0,1470.0,2100.0,890.9545442950499,1,2
-l-l-l,221,9830.0,9830.0,13520.0,5218.448045156721,1,2
+l+p+l,132,11590.0,11590.0,21180.0,13562.30806315798,1,2
+pd-l,233,4980.0,4980.0,8000.0,4270.924958366747,1,2
d-pd,432,65980.0,65980.0,105280.0,55578.59300126264,1,3
-ld+l,422,3000.0,3000.0,3740.0,1046.5180361560904,1,2
-pd+l,313,0.0,0.0,0.0,0.0,1,2
+pd-p,211,0.0,0.0,0.0,0.0,1,2
+pd-l,444,563271.6666666666,646970.0,1000000.0,463346.1584806632,0,1
d+pd,431,0.0,0.0,0.0,0.0,1,2
+l+l+p,211,2020.0,2020.0,2260.0,339.4112549695428,1,2
-ld+l,141,27605.0,17150.0,87660.0,28491.02465188442,1,2
+l+l+l,232,1000000.0,1000000.0,1000000.0,0.0,0,1
+ld-p,342,519302.2222222223,537720.0,1000000.0,483355.01243335055,2,0
+pd-l,114,0.0,0.0,0.0,0.0,1,2
+l+p+l,233,676900.0,1000000.0,1000000.0,455669.1357553197,0,1
-ld+l,423,515500.0,515500.0,1000000.0,685186.4709697645,2,0
-l-p-l,314,0.0,0.0,0.0,0.0,1,2
+l+l+l,431,130135.0,94820.0,556900.0,178996.02222236272,3,3
-pd+l,344,741635.0,1000000.0,1000000.0,336917.42275303224,0,1
+l+p+p,432,679376.6666666666,1000000.0,1000000.0,438966.6479634216,0,1
+pd-p,214,0.0,0.0,0.0,0.0,1,2
-p-l-l,423,611263.3333333334,683340.0,1000000.0,409194.086763756,0,1
+ld-l,334,625740.0,1000000.0,1000000.0,442790.7497678785,0,1
+l+l+l,313,43880.0,43880.0,43880.0,0.0,1,2
-pd+l,411,0.0,0.0,0.0,0.0,1,2
d-pd,221,0.0,0.0,0.0,0.0,1,2
+p+l+l,111,0.0,0.0,0.0,0.0,1,2
-p-p-p,312,678260.0,1000000.0,1000000.0,475466.4056577404,0,1
+l+l+p,143,575517.1428571428,1000000.0,1000000.0,529468.704322685,0,1
+ld-p,343,746858.3333333334,1000000.0,1000000.0,357972.01886164065,0,1
-l-p-l,441,0.0,0.0,0.0,0.0,1,2
+l+l+p,433,194610.0,99800.0,1000000.0,276256.59067415766,2,0
-l-p-p,323,23240.0,23240.0,43120.0,28114.56561997713,1,2
-l-l-l,122,0.0,0.0,0.0,0.0,1,2
-pd+p,143,518281.6666666667,368980.0,1000000.0,411771.8187591793,2,0
+l+p+l,214,494000.0,299160.0,1000000.0,418111.6785022873,2,0
-pd+p,322,5590.0,4240.0,13000.0,5729.979639289015,1,2
-p-p-p,411,627262.0,1000000.0,1000000.0,484995.93422809,0,1
+l+p+p,322,803741.6666666666,1000000.0,1000000.0,286314.2144832344,0,1
+p+l+l,142,0.0,0.0,0.0,0.0,1,2
+l+l+p,434,681208.3333333334,886470.0,1000000.0,407650.2706494944,0,1
+p+l+l,342,323873.3333333333,13840.0,1000000.0,484328.7131140035,2,0
+pd-l,232,980.0,980.0,980.0,0.0,1,2
+p+p+l,221,0.0,0.0,0.0,0.0,1,2
+p+p+p,412,0.0,0.0,0.0,0.0,1,2
-p-l-p,211,0.0,0.0,0.0,0.0,1,2
+l+l+l,123,220260.0,220260.0,220260.0,0.0,3,3
-ld+p,331,420.0,420.0,420.0,0.0,1,2
-l-l-l,231,0.0,0.0,0.0,0.0,1,2
d+pd,332,237271.42857142852,130480.0,563540.0,232832.05960724648,3,3
+l+p+l,223,485181.6666666667,252320.0,1000000.0,461841.72325854696,2,0
d+pd,142,0.0,0.0,0.0,0.0,1,2
d+pd,244,195780.0,142360.0,416360.0,153871.18768632418,3,3
-p-p-p,234,623542.2222222222,1000000.0,1000000.0,466747.2171791112,0,1
+ld-l,313,4920.0,4920.0,4920.0,0.0,1,2
+p+l+l,224,31515.0,21610.0,82540.0,36063.948295585535,1,2
-l-l-l,123,83228.57142857143,20220.0,293820.0,119810.03789729966,3,3
-p-p-l,421,10870.0,10870.0,13860.0,4228.498551495554,1,2
+pd-l,411,0.0,0.0,0.0,0.0,1,2
+p+l+p,124,37580.0,37580.0,37580.0,0.0,1,2
-p-l-p,431,1040.0,1040.0,1040.0,0.0,1,2
+pd-p,343,133593.33333333334,109600.0,276520.0,93448.84536472349,3,3
+l+p+l,211,12710.0,12710.0,16320.0,5105.310960166873,1,2
+ld-l,122,15665.714285714286,17500.0,27620.0,8121.204461455327,1,2
+pd-l,323,8980.0,9180.0,15880.0,4935.633697915598,1,2
-p-p-p,144,606623.3333333334,769760.0,1000000.0,467549.2811529783,0,1
-pd+p,132,464656.0,340380.0,1000000.0,446571.4677455832,2,0
+ld-p,344,904115.0,1000000.0,1000000.0,221375.776965938,0,1
-p-p-l,242,151197.77777777778,9060.0,661080.0,236515.088618981,3,3
-l-p-l,333,799413.3333333334,1000000.0,1000000.0,400288.3401999114,0,1
+l+l+l,311,68464.0,28000.0,161200.0,78084.68018760147,1,3
-p-p-l,232,731588.0,1000000.0,1000000.0,424806.0257576392,0,1
+p+p+l,122,0.0,0.0,0.0,0.0,1,2
-l-p-p,124,18753.33333333333,4860.0,49580.0,26739.91273982272,1,2
+pd-p,341,0.0,0.0,0.0,0.0,1,2
-l-l-l,344,920385.0,1000000.0,1000000.0,275794.4500891923,0,1
+ld-p,412,0.0,0.0,0.0,0.0,1,2
-l-p-p,314,0.0,0.0,0.0,0.0,1,2
+l+l+l,134,823623.3333333334,1000000.0,1000000.0,361464.0196570976,0,1
-l-l-l,124,7640.0,7640.0,7640.0,0.0,1,2
-p-p-l,241,16036.0,11140.0,35720.0,13754.427650760315,1,2
+l+l+l,211,890.0,890.0,940.0,70.71067811865476,1,2
-ld+p,232,59005.0,44080.0,197260.0,62115.276933870526,1,3
-l-p-l,141,0.0,0.0,0.0,0.0,1,2
+l+p+p,314,698130.9090909091,1000000.0,1000000.0,430069.28654472745,0,1
+ld-p,314,0.0,0.0,0.0,0.0,1,2
-l-l-l,213,107068.88888888888,89760.0,300780.0,97848.4486903656,3,3
-ld+l,124,26040.0,11000.0,59780.0,29276.946562099,1,2
-pd+l,223,36308.88888888889,27600.0,131120.0,39778.29195819136,1,3
+l+l+p,224,525334.0,544410.0,1000000.0,500784.7236798574,2,0
-p-l-p,412,3480.0,3480.0,3480.0,0.0,1,2
-l-p-p,224,32490.0,31360.0,59500.0,17595.22094206265,1,2
-l-l-p,211,222346.66666666663,59340.0,1000000.0,341118.39850702864,2,0
-pd+l,332,203308.57142857145,62000.0,1000000.0,357548.9042274996,2,0
+l+l+l,323,912564.4444444444,1000000.0,1000000.0,262306.6666666666,0,1
+pd-l,211,0.0,0.0,0.0,0.0,1,2
-pd+p,314,0.0,0.0,0.0,0.0,1,2
-p-l-l,223,311238.3333333333,82040.0,1000000.0,421570.1701072343,2,0
+p+l+l,123,0.0,0.0,0.0,0.0,1,2
+pd-l,143,0.0,0.0,0.0,0.0,1,2
-pd+l,311,0.0,0.0,0.0,0.0,1,2
+pd-l,221,0.0,0.0,0.0,0.0,1,2
+p+p+p,434,355889.0909090909,209080.0,1000000.0,312642.7854742388,2,0
-l-l-l,323,794106.6666666666,1000000.0,1000000.0,355915.4313878509,0,1
-p-p-p,133,559153.3333333334,381100.0,1000000.0,433520.9760784361,2,0
-l-l-l,421,10180.0,10180.0,10180.0,0.0,1,2
+l+p+l,443,676145.0,764690.0,1000000.0,349898.051554761,0,1
+l+p+p,413,736451.6666666666,1000000.0,1000000.0,365895.5073349204,0,1
d+pd,411,0.0,0.0,0.0,0.0,1,2
-p-p-l,132,246610.0,43830.0,1000000.0,394141.7354708836,2,0
+pd-l,243,229882.5,49220.0,1000000.0,348091.3654180055,2,0
-l-l-l,232,75597.77777777778,33500.0,490340.0,156501.03049004005,3,3
-p-p-l,331,87710.0,87710.0,173940.0,121947.63548343198,1,3
-pd+l,334,479803.3333333333,419850.0,1000000.0,419070.4979385023,2,0
-p-l-l,232,660670.9090909091,1000000.0,1000000.0,391397.4078977669,0,1
+ld-p,223,58593.333333333336,62100.0,98640.0,41910.17219403105,1,3
+p+l+l,144,0.0,0.0,0.0,0.0,1,2
-pd+l,324,135226.66666666666,55860.0,426500.0,157429.61347853206,3,3
+ld-p,113,0.0,0.0,0.0,0.0,1,2
-ld+p,342,89060.0,52340.0,448540.0,130166.5778915617,3,3
-p-p-p,142,669373.3333333334,1000000.0,1000000.0,572662.185003806,0,1
+pd-l,241,178220.0,20340.0,669080.0,327616.44321777666,3,0
-pd+l,114,0.0,0.0,0.0,0.0,1,2
-pd+l,423,255533.3333333333,103390.0,1000000.0,371432.03990321927,2,0
+p+l+p,113,0.0,0.0,0.0,0.0,1,2
+ld-l,212,0.0,0.0,0.0,0.0,1,2
-p-p-p,114,483923.6363636364,237520.0,1000000.0,498473.3835877845,2,0
d+pd,312,17940.0,19000.0,38620.0,11121.202401590524,1,2
-l-p-l,342,624100.0,824970.0,1000000.0,466956.1216217216,0,1
-p-p-l,411,80060.0,80060.0,80060.0,0.0,1,2
-pd+l,331,0.0,0.0,0.0,0.0,1,2
-l-p-p,233,137927.5,75070.0,396740.0,154279.42069504928,3,3
+l+p+p,433,652888.3333333334,712340.0,1000000.0,368465.24271344615,0,1
+p+l+p,434,209536.0,82340.0,1000000.0,303808.6733894651,2,0
-p-p-l,222,167922.85714285713,11900.0,877320.0,325063.72676314233,2,0
+l+p+p,243,572202.2222222222,385680.0,1000000.0,418938.15061944944,2,0
-l-p-p,441,0.0,0.0,0.0,0.0,1,2
-ld+p,341,93040.0,93040.0,93040.0,0.0,1,2
d+pd,141,0.0,0.0,0.0,0.0,1,2
-l-p-p,421,0.0,0.0,0.0,0.0,1,2
+l+l+p,344,876633.3333333334,1000000.0,1000000.0,289293.3691014376,0,1
-ld+p,443,501348.3333333333,532470.0,1000000.0,441176.2334700136,2,0
+l+l+p,324,582017.7777777778,719580.0,945100.0,414560.82538566575,0,1
-ld+l,213,0.0,0.0,0.0,0.0,1,2
+l+p+p,144,361428.8888888889,221760.0,1000000.0,382556.4822494988,2,0
+p+l+p,223,131270.0,131270.0,191760.0,85545.77838794852,3,3
-l-p-p,431,0.0,0.0,0.0,0.0,1,2
+ld-p,141,41960.0,12100.0,120220.0,51304.38187913387,1,3
-l-p-l,423,540687.5,420650.0,1000000.0,402059.45813843433,2,0
+p+l+p,424,778722.5,1000000.0,1000000.0,319375.4048026509,0,1
+p+l+l,222,22680.0,22680.0,44560.0,30942.99274472332,1,2
+l+l+l,241,512250.0,512250.0,1000000.0,689782.6650474771,2,0
+pd-l,122,0.0,0.0,0.0,0.0,1,2
-pd+p,141,389648.5714285714,247200.0,1000000.0,430987.6893612536,2,0
-p-l-p,433,638424.4444444445,914320.0,1000000.0,459289.4781918891,0,1
+l+l+l,142,532447.5,561450.0,1000000.0,501254.0652560479,2,0
-p-l-p,123,40600.0,11260.0,183180.0,65175.95875781192,1,3
+l+p+p,434,596325.0,555430.0,1000000.0,399196.3975174489,2,0
+pd-p,344,384962.5,209000.0,1000000.0,416017.4061519885,2,0
-l-l-p,112,15040.0,15950.0,21260.0,6214.070056465945,1,2
d-pd,122,0.0,0.0,0.0,0.0,1,2
+p+p+l,314,0.0,0.0,0.0,0.0,1,2
+p+l+p,413,465334.28571428574,124260.0,1000000.0,501823.2990092941,2,0
-ld+l,412,123620.0,123620.0,123620.0,0.0,1,3
+ld-l,432,299950.0,257270.0,1000000.0,319948.3760144529,2,0
-l-p-p,444,680028.3333333334,1000000.0,1000000.0,433465.1521661508,0,1
-pd+p,431,57707.5,24880.0,210680.0,71365.8645392079,1,3
+l+p+l,234,654136.6666666666,763610.0,1000000.0,390621.11378333525,0,1
+ld-l,233,441545.0,246690.0,1000000.0,479171.9153170096,2,0
+l+l+p,221,194033.3333333333,123180.0,401060.0,182240.79162836552,3,3
+p+p+l,113,0.0,0.0,0.0,0.0,1,2
+l+l+p,241,0.0,0.0,0.0,0.0,1,2
-p-p-l,133,519517.77777777775,429840.0,1000000.0,472520.70424950105,2,0
+ld-p,242,1000000.0,1000000.0,1000000.0,0.0,0,1
+l+p+l,113,180373.3333333333,76230.0,454200.0,213826.11315427933,3,3
-p-l-l,433,681106.6666666666,1000000.0,1000000.0,437479.0182050986,0,1
d-pd,442,586600.0,656880.0,1000000.0,452650.6273054308,0,1
-l-l-l,143,4460.0,4520.0,5180.0,640.8327915038889,1,2
-p-p-p,332,930936.6666666666,1000000.0,1000000.0,239242.4045467971,0,1
+p+p+p,223,0.0,0.0,0.0,0.0,1,2
+l+l+p,244,470182.8571428572,545480.0,1000000.0,431281.5863491155,2,0
d-pd,212,0.0,0.0,0.0,0.0,1,2
-p-l-p,423,35804.0,22500.0,70920.0,26597.606659246616,1,2
-pd+l,422,0.0,0.0,0.0,0.0,1,2
+l+l+l,314,59790.0,8520.0,296320.0,116399.17508298758,3,3
-p-p-l,243,567425.0,626760.0,1000000.0,437895.6933604581,0,1
-l-p-p,231,0.0,0.0,0.0,0.0,1,2
-ld+p,233,217212.0,94840.0,1000000.0,315546.16499016434,2,0
-pd+p,123,37628.88888888889,32240.0,117720.0,36315.856194107706,1,3
-p-l-l,341,536811.1111111111,455580.0,1000000.0,457281.59662412736,2,0
-ld+l,214,0.0,0.0,0.0,0.0,1,2
+ld-p,444,923370.0,1000000.0,1000000.0,265454.1067680061,0,1
-l-l-p,324,805000.0,805000.0,805000.0,0.0,0,1
+l+p+l,121,0.0,0.0,0.0,0.0,1,2
-l-p-p,141,0.0,0.0,0.0,0.0,1,2
+l+l+p,343,706475.5555555555,1000000.0,1000000.0,380353.4758323864,0,1
-l-l-p,343,919120.0,1000000.0,1000000.0,242640.0,0,1
+ld-p,111,0.0,0.0,0.0,0.0,1,2
+ld-p,142,365683.3333333333,86560.0,1000000.0,493632.7523034373,2,0
d+pd,233,128036.0,83440.0,211040.0,68149.63741649695,3,3
-p-p-l,124,835952.7272727273,1000000.0,1000000.0,331506.79561936314,0,1
d-pd,314,21940.0,21940.0,37940.0,22627.41699796952,1,2
-p-p-p,122,552660.0,597800.0,1000000.0,442671.0112692967,0,1
-l-p-l,114,0.0,0.0,0.0,0.0,1,2
+l+l+l,333,639243.3333333334,761010.0,1000000.0,419234.1068981228,0,1
-ld+l,341,453009.0909090909,240620.0,1000000.0,442560.1138253321,2,0
+p+p+l,134,0.0,0.0,0.0,0.0,1,2
d+pd,314,409606.6666666667,227780.0,1000000.0,452856.16469249927,2,0
+p+p+p,144,0.0,0.0,0.0,0.0,1,2
-l-l-l,241,12213.333333333334,10480.0,15940.0,3230.005159954598,1,2
+l+l+l,244,839426.6666666666,1000000.0,1000000.0,331771.8280686291,0,1
-ld+p,123,0.0,0.0,0.0,0.0,1,2
+p+p+p,214,364193.3333333333,509420.0,553880.0,290894.10192256107,3,0
-ld+l,432,754780.0,1000000.0,1000000.0,426588.6369794676,0,1
+p+p+l,444,465997.5,367540.0,1000000.0,354943.7800855631,2,0
+l+p+l,231,10986.666666666666,12840.0,19880.0,9950.303177960626,1,2
-ld+p,412,0.0,0.0,0.0,0.0,1,2
-l-p-p,321,0.0,0.0,0.0,0.0,1,2
d+pd,112,0.0,0.0,0.0,0.0,1,2
-p-p-l,342,398122.5,270730.0,1000000.0,394442.1706573185,2,0
-l-p-l,344,851248.3333333334,1000000.0,1000000.0,347558.61197876546,0,1
+p+l+p,212,0.0,0.0,0.0,0.0,1,2
+ld-p,114,0.0,0.0,0.0,0.0,1,2
-l-l-p,311,518120.0,525420.0,1000000.0,471071.1274437344,2,0
+l+p+p,221,433455.5555555556,164180.0,1000000.0,443599.2082700078,2,0
+p+p+p,311,0.0,0.0,0.0,0.0,1,2
+l+p+l,342,487051.1111111111,508760.0,1000000.0,367289.930996088,2,0
-p-p-l,231,0.0,0.0,0.0,0.0,1,2
+ld-l,324,13733.333333333334,14680.0,14880.0,1815.6357931406108,1,2
-l-p-l,131,0.0,0.0,0.0,0.0,1,2
+l+p+l,321,42700.0,9560.0,127920.0,53581.081736000815,1,3
-pd+p,131,170984.0,38900.0,625040.0,260230.82768957256,3,3
+p+p+p,422,4320.0,4320.0,6100.0,2517.300141024109,1,2
-pd+l,133,360666.6666666667,75780.0,1000000.0,443050.4935995308,2,0
+pd-p,313,0.0,0.0,0.0,0.0,1,2
-l-p-l,243,131195.0,111930.0,280100.0,111981.45724478972,3,3
-l-p-p,322,11635.0,3670.0,38740.0,18185.674765228447,1,2
-l-p-p,411,0.0,0.0,0.0,0.0,1,2
+l+p+p,132,392812.7272727273,207040.0,1000000.0,413866.155395459,2,0
+p+p+p,232,0.0,0.0,0.0,0.0,1,2
+ld-l,114,0.0,0.0,0.0,0.0,1,2
+l+l+p,121,0.0,0.0,0.0,0.0,1,2
-l-p-p,434,605009.0909090909,602100.0,1000000.0,410670.6776348793,0,1
-ld+l,211,0.0,0.0,0.0,0.0,1,2
+p+l+l,424,735832.5,1000000.0,1000000.0,390430.70135977486,0,1
-l-l-l,243,566860.0,486200.0,1000000.0,387827.1838074273,2,0
-pd+p,424,37556.0,37740.0,61360.0,18425.67447883524,1,2
+p+p+l,442,82553.33333333333,76420.0,108240.0,23235.269168514773,1,3
+l+p+l,412,63186.66666666666,16810.0,321040.0,126598.15838576273,3,3
-l-l-p,422,655520.0,1000000.0,1000000.0,438918.3337478625,0,1
+ld-l,134,459828.8888888889,279820.0,1000000.0,397046.5937533165,2,0
-pd+p,334,606140.0,618880.0,1000000.0,408697.7789271677,0,1
-p-l-l,441,373657.77777777775,271600.0,1000000.0,328489.4332310317,2,0
-p-l-l,224,484425.4545454545,294060.0,1000000.0,415837.8625465372,2,0
-ld+l,132,52266.66666666666,37260.0,108460.0,50394.60420851952,1,3
-pd+l,441,70906.66666666667,36440.0,174800.0,91656.52695434916,1,3
d+pd,122,0.0,0.0,0.0,0.0,1,2
+l+p+p,441,672600.0,722100.0,1000000.0,372374.1126633512,0,1
-ld+l,232,398960.0,136140.0,1000000.0,459245.2612711426,2,0
+pd-l,312,0.0,0.0,0.0,0.0,1,2
d-pd,114,0.0,0.0,0.0,0.0,1,2
-p-l-l,413,174170.0,9940.0,687780.0,282485.94690709835,3,0
+ld-l,221,0.0,0.0,0.0,0.0,1,2
+l+p+p,114,342594.54545454547,58020.0,1000000.0,444945.4826911638,2,0
-l-l-l,444,838338.3333333334,1000000.0,1000000.0,377603.2204656901,0,1
+p+l+l,114,0.0,0.0,0.0,0.0,1,2
-p-p-l,332,143745.7142857143,31240.0,796380.0,289586.11240050534,2,0
+l+l+p,341,26070.0,5570.0,93040.0,44723.84151657816,1,2
-l-l-l,313,384526.6666666667,302820.0,1000000.0,411076.1060922904,2,0
+p+l+l,412,312120.0,63360.0,859340.0,474557.4978861888,2,0
+p+l+l,314,385783.3333333333,315380.0,1000000.0,366232.8632805454,2,0
d-pd,342,3820.0,3820.0,3820.0,0.0,1,2
-pd+p,211,0.0,0.0,0.0,0.0,1,2
-pd+p,332,486646.0,340750.0,1000000.0,467243.6632041621,2,0
+ld-l,124,10950.0,10950.0,20520.0,13534.02379191052,1,2
-ld+l,321,11000.0,11000.0,12040.0,1470.782104868019,1,2
+ld-l,224,397610.0,294490.0,1000000.0,408249.1070062843,2,0
-p-l-l,231,587806.6666666666,667960.0,1000000.0,461079.4738726358,0,1
d-pd,244,81224.0,52160.0,192280.0,70447.57398235939,1,3
-l-l-l,314,525241.8181818182,231520.0,1000000.0,458067.67111024505,2,0
+l+p+l,124,331053.3333333333,150140.0,1000000.0,391974.734467167,2,0
+p+p+l,421,292360.0,203190.0,952640.0,346390.62874159863,2,0
+p+p+p,111,0.0,0.0,0.0,0.0,1,2
-pd+l,141,9205.0,9700.0,13560.0,5003.661992314562,1,2
+p+l+p,312,0.0,0.0,0.0,0.0,1,2
+l+p+p,211,406468.5714285714,63600.0,1000000.0,479338.93059186457,2,0
-pd+p,413,5260.0,5260.0,5260.0,0.0,1,2
+ld-l,241,92763.33333333331,8410.0,444380.0,175067.30473354147,3,3
-p-l-p,243,614648.3333333334,741880.0,1000000.0,412913.7034612203,0,1
-p-l-p,322,19420.0,8580.0,52500.0,21491.866368466,1,2
+ld-p,112,0.0,0.0,0.0,0.0,1,2
-p-p-p,414,692550.9090909091,1000000.0,1000000.0,429689.0349416551,0,1
-pd+l,433,689322.2222222222,1000000.0,1000000.0,466288.0507202007,0,1
-l-l-p,133,23150.0,23150.0,45880.0,32145.07427274045,1,2
-p-p-p,412,530913.3333333334,322820.0,1000000.0,455019.3360726553,2,0
-p-l-p,331,0.0,0.0,0.0,0.0,1,2
-pd+l,142,194006.0,58200.0,1000000.0,318653.4979217673,2,0
d-pd,421,0.0,0.0,0.0,0.0,1,2
-ld+l,113,0.0,0.0,0.0,0.0,1,2
+l+p+l,312,220866.66666666663,106800.0,458920.0,206219.8917013908,3,3
-ld+l,331,365353.3333333333,77460.0,1000000.0,476637.1398663768,2,0
-pd+l,234,588722.2222222222,457040.0,1000000.0,423231.0451094584,2,0
-p-p-p,211,636952.5,632050.0,1000000.0,361166.17480244266,0,1
+l+p+p,342,667073.3333333334,846230.0,1000000.0,394475.7580138557,0,1
+pd-p,431,119740.0,119740.0,119740.0,0.0,1,3
-p-l-l,141,411050.0,102410.0,1000000.0,489105.4591511208,2,0
-l-l-p,223,403971.1111111111,109500.0,1000000.0,453766.9247654693,2,0
-l-p-p,121,0.0,0.0,0.0,0.0,1,2
-p-p-l,441,7360.0,7360.0,7360.0,0.0,1,2
-pd+p,442,792575.0,1000000.0,1000000.0,368222.902959113,0,1
+l+l+l,222,750225.0,1000000.0,1000000.0,499550.0,0,1
-pd+l,342,635863.6363636364,875440.0,1000000.0,439961.66176776646,0,1
+pd-l,343,487402.2222222223,196460.0,1000000.0,488853.15642270783,2,0
-p-p-l,414,831364.4444444445,1000000.0,1000000.0,339869.256299798,0,1
+pd-p,112,0.0,0.0,0.0,0.0,1,2
-l-p-p,113,0.0,0.0,0.0,0.0,1,2
-l-p-p,242,20460.0,20460.0,20460.0,0.0,1,2
-l-p-p,412,0.0,0.0,0.0,0.0,1,2
+l+p+l,134,726916.0,984290.0,1000000.0,412384.3819437287,0,1
-p-l-l,212,47325.0,44130.0,100280.0,46665.7343954498,1,3
+l+p+l,332,59045.71428571428,41180.0,144280.0,41352.592364180695,1,3
-l-p-p,424,542408.5714285715,704480.0,1000000.0,490065.7295856197,0,1
d-pd,434,323232.7272727273,208840.0,1000000.0,362008.7041243873,2,0
+p+p+p,431,0.0,0.0,0.0,0.0,1,2
d-pd,141,0.0,0.0,0.0,0.0,1,2
+ld-l,343,632517.7777777778,1000000.0,1000000.0,466530.17935010855,0,1
+pd-l,124,0.0,0.0,0.0,0.0,1,2
+ld-p,222,43080.0,43080.0,43080.0,0.0,1,2
+l+p+p,412,691088.3333333334,1000000.0,1000000.0,439552.2015918501,0,1
+pd-l,121,0.0,0.0,0.0,0.0,1,2
-l-p-p,414,0.0,0.0,0.0,0.0,1,2
-p-l-p,144,602398.3333333334,639010.0,1000000.0,404046.9586082861,0,1
+ld-p,233,754092.5,872840.0,1000000.0,324493.88106711657,0,1
-l-p-p,443,454932.5,257160.0,1000000.0,466215.1010531512,2,0
+pd-l,324,12913.333333333334,12450.0,26060.0,8350.996746895946,1,2
-p-p-p,342,699763.3333333334,1000000.0,1000000.0,401174.3792085099,0,1
-p-l-l,434,955858.1818181818,1000000.0,1000000.0,146401.8484731789,0,1
-pd+p,321,68200.0,54300.0,124920.0,51205.08177905783,1,3
+p+l+l,112,25686.666666666668,22700.0,52180.0,25133.446507260665,1,2
-l-l-p,431,1000000.0,1000000.0,1000000.0,0.0,0,1
-p-l-p,112,0.0,0.0,0.0,0.0,1,2
-l-p-l,323,294392.7272727273,84760.0,1000000.0,374353.6344445158,2,0
-pd+p,244,778206.6666666666,1000000.0,1000000.0,362654.858508748,0,1
+l+l+p,123,92977.14285714286,77320.0,206100.0,80318.35359249792,1,3
-pd+l,421,0.0,0.0,0.0,0.0,1,2
+pd-l,142,0.0,0.0,0.0,0.0,1,2
+p+p+l,424,60400.0,62800.0,94840.0,29495.900732135644,1,2
+p+l+l,321,0.0,0.0,0.0,0.0,1,2
+p+p+p,322,0.0,0.0,0.0,0.0,1,2
+p+l+p,141,20353.33333333333,24280.0,26300.0,8610.001935733426,1,2
+l+l+l,322,611971.6666666666,891670.0,1000000.0,447261.0502691675,0,1
+ld-l,323,231480.0,231480.0,447600.0,305639.8351000733,3,3
+p+l+l,332,311623.3333333333,71040.0,1000000.0,427552.8373273492,2,0
-ld+p,411,0.0,0.0,0.0,0.0,1,2
d+pd,443,384040.0,149740.0,1000000.0,481830.7184893881,2,0
+l+l+l,321,350644.44444444444,126620.0,1000000.0,397866.64019213495,2,0
-pd+l,431,20500.0,20500.0,20500.0,0.0,1,2
-l-p-l,313,0.0,0.0,0.0,0.0,1,2
-l-l-l,242,45240.0,1740.0,132780.0,75812.3446412258,1,3
-pd+p,412,0.0,0.0,0.0,0.0,1,2
-pd+l,314,0.0,0.0,0.0,0.0,1,2
+p+l+l,231,0.0,0.0,0.0,0.0,1,2
+p+l+l,131,0.0,0.0,0.0,0.0,1,2
